414625	cmn	我母亲比我父亲大两岁。
419254	cmn	你小時候是不是有很多快樂的經歷呢？
2044346	cmn	我要给我妈妈一个盆栽。
340483	cmn	你喜欢喝法国的葡萄酒吗？
737797	cmn	我很抱歉今天不能过来。
997533	cmn	一只猫正从篮子里出来。
1516451	cmn	她很温柔。
465859	cmn	如果你不知道答案，猜猜看。
4761408	cmn	我们知道她住在城里。
5386889	cmn	安娜被查出有輕微的乳腺增生。
1221042	cmn	每個人都應該做自己命運的主人。
335536	cmn	汤姆说他打扫屋子打扫了一天。
792886	cmn	我坐在汤姆和约翰中间。
796121	cmn	在不久的将来，可能有一场大地震将在日本发生。
385107	cmn	明天天气会好吗？
5650452	cmn	那不太坏。
876683	cmn	這是個劇藥。
8635477	cmn	冰箱里什么都没剩下。
805525	cmn	你们的优点和缺点是什么？
422978	cmn	我們匆匆忙忙的趕到機場，飛機卻已經起飛了。
465021	cmn	您建议我做什么？
2442138	cmn	做人要低调。
465826	cmn	你要在17上加多少才能得到60？
3031414	cmn	人比动物会讲话和想。
1541652	cmn	早日康復！
881078	cmn	他不是個高中生。
846590	cmn	你覺得這個派對如何?
6132395	cmn	你認為我瘋了，不是麼？
1606074	cmn	今天气温是华氏七十度。
835364	cmn	我會為你帶路。
8387408	cmn	明年的這個時候，我們應該正在拼命地學習吧。
8877851	cmn	把它关掉。
334883	cmn	这封信是玛丽写的吗？
347184	cmn	她因患胃癌死亡。
2052515	cmn	你在私立高中读书吗？
402967	cmn	我真的好想去巴黎看看。
1415772	cmn	我不知道她是谁。
798191	cmn	奶奶送了我們一箱蘋果。
405776	cmn	油桃的皮是滑的。
335609	cmn	汤姆走得很慢。
727961	cmn	事實上，投擲侏儒是奧運會的運動項目。
1458917	cmn	你妻子遇上麻煩，你怎麼還一副事不關己，己不勞心的樣子？
838068	cmn	俗話說：小心駛得萬年船；可俗話又說：撐死膽大的，餓死膽小的！
4265102	cmn	我很小的时候，我母亲就去世了。
3924612	cmn	今天星期三, 對不對?
850129	cmn	她從早上工作到夜晚。
2440744	cmn	汤姆经常对玛丽说谎。
918104	cmn	我在這家商店買了一頂帽子。
828691	cmn	你為什麼哭？
6568297	cmn	幸運的是，我們找到了逃生通道。
737828	cmn	馬不但象徵著剛健、高昂、昌盛、發達，還代表著奮鬥不止、自強不息的民族精神。
476582	cmn	您该申请这个职位。
7782564	cmn	他消失得无影无踪。
7767674	cmn	一切都很糟糕。
5978333	cmn	我没有反对你。
6535142	cmn	他死在了戰場上。
344947	cmn	兩條街道互相平行。
6284514	cmn	我們可以游到幾點？
1944845	cmn	我爱秋天。
346012	cmn	我哥哥已在倫敦住了很多年。
617889	cmn	“pretty”怎么拼写？
630270	cmn	这是一个小偷。
801435	cmn	非洲曾經被稱為黑暗大陸。
4267367	cmn	他问我，是不是知道她的电话号码。
5710183	cmn	我在找科幻色情小說。
819306	cmn	你看起來很疲倦。
5574524	cmn	汤姆说他没准备好，但玛丽说她准备好了。
1708535	cmn	去玩吧！
765209	cmn	我買文具, 郵票和紙巾。
4263853	cmn	这不是猫，这是狗。
1636197	cmn	當然是你提供，快去！
5092475	cmn	不会吧。
5385083	cmn	每隔一定的時間，他就會停下來，環顧四周。
345969	cmn	我已经完成了我的工作。
838546	cmn	最近的電話亭在哪裡？
842467	cmn	他們嘲笑我的想法。
335821	cmn	我们都非常想你。
2442145	cmn	他在说什么？
528035	cmn	这一结果证实了我的猜想。
4265008	cmn	对生命来说，食物永远是必要的。
5502161	cmn	我認為對Tom來說是不可能的。
1316923	cmn	你有东西吃吗？
5457182	cmn	多好看的一朵花啊！
2394563	cmn	唯独在应该做一件事情的时候，不做也没关系的事情也会想去做。
844619	cmn	告訴我該做什麼。
8574653	cmn	用纸巾把那口锅擦干。
933955	cmn	我的父母不理解我。
1759609	cmn	我把我的饭卡弄丢了。
7066685	cmn	這本書每一句句子都很重要。
1424217	cmn	算我一个.
6923213	cmn	我確定你永不後悔。
5613612	cmn	他想我们提供了帮助。
838375	cmn	犯錯出懺悔心，才能清淨無煩惱。
3660666	cmn	如果给自行车上油,它会跑得更快一些。
426885	cmn	我信鬼神之说。
426243	cmn	我們以後要保持聯絡啊。
5965707	cmn	我从没低估汤姆。
1171206	cmn	要是有人绑架了Tom呢？你会怎么做？
2521481	cmn	我喜欢外语。
399003	cmn	她喜欢听俄罗斯流行音乐。
479092	cmn	這房子裏面有多少隻貓？
1691675	cmn	单片机似乎被我烧坏了。
1920797	cmn	今天我四岁了。
882066	cmn	你認識史密斯小姐多久了？
766006	cmn	據說鬼魂在這座森林裡。
432913	cmn	海伦是个天生的乐天派。
3690028	cmn	这家商店有很多商品, 说不定也有你想买的东西
3158612	cmn	我不屬於任何社團。
458158	cmn	聖誕節快到了，生意也好了點。
343766	cmn	我有点发烧。
343273	cmn	她深爱着她的儿子。
403331	cmn	我在一間貿易公司工作。
819484	cmn	她很聰明。
1966667	cmn	你今天真的很有生產力。
472840	cmn	就我所知，他从没准时来过。
6293088	cmn	我以前是醫生。
860817	cmn	打掃房間。
4080223	cmn	猫讨厌水
8751437	cmn	你估计做那件事需要花费你多少时间呢？
8765232	cmn	不要对我和汤姆撒谎。
5064848	cmn	你们是医生。
5868149	cmn	你的賬戶空了。
2393574	cmn	您不要和那个人打交道，我担心他会骗您。
904860	cmn	當我把100日元放進自動販賣機並按下按鈕要買一罐咖啡的時候，突然間四罐咖啡掉了下來！
2709793	cmn	我床头柜上有一张我女朋友的照片。
816459	cmn	我们不得不把游戏搁到下周日了。
896383	cmn	我們看了電視上的棒球比賽。
1397020	cmn	这家企业近6个月以来一直在欠薪。
939345	cmn	我上个星期把她介绍给你了。
782343	cmn	汽车准备好了。
4878929	cmn	我有两只猫。
848255	cmn	君子立恆志，小人恆立志。
2031455	cmn	可惜我做不到。
8727835	cmn	我想参加。
4759980	cmn	我发誓我看到了外星人。
805115	cmn	我们保持着非常紧密的关系。
1214441	cmn	基督徒认为耶稣是上帝的儿子。
510779	cmn	昨晚雨下得很大。
1992068	cmn	因为我家庭还在工作，所以他们就去不了德克萨斯。
5834586	cmn	她在挑選束腹。
826138	cmn	物價上漲。
2411749	cmn	我没法算得跟他一样快。
1964252	cmn	Marconi发明了无线电。
332477	cmn	我们必须设法打破这个僵局。
1490469	cmn	她恰巧知道他的地址。
881008	cmn	我花了五元買這本書。
348254	cmn	你在日本逗留多少天？
835597	cmn	学生们不该用这厕所。
397165	cmn	甚麼？現在才十一點？還有一個小時才吃飯呢。
337227	cmn	我和他在電話上談了這件事。
437417	cmn	Bob的房里有很多书。
7949974	cmn	人皆有一死。
3076604	cmn	你们俩在同一所学校？
5630425	cmn	汤姆想多把时间花在他的家庭上。
1923114	cmn	她現在忙，沒有辦法跟你們說話。
5102151	cmn	自己当心啊。
399021	cmn	萨尔曼·鲁西迪的《撒旦诗篇》是现代文学的真正的杰作
799212	cmn	他们送了咖啡给我们。
848714	cmn	他明天將飛往巴黎。
336103	cmn	烟向空中升起。
3625821	cmn	他在一条狭窄的道路上走。
781555	cmn	山中無老虎, 猴子稱大王。
6119491	cmn	湯姆拒絶幫瑪麗做她的作業。
804792	cmn	许多工作者饿死了。
1766064	cmn	不好意思，您可以再說一遍嗎？
1488531	cmn	我住在這。
835362	cmn	我和大家相處。
332565	cmn	这本书对你来说读起来太难了。
348423	cmn	我開始懷疑他陳述的準確性。
2444549	cmn	她不得不放弃梦想。
874733	cmn	他們總是在冬天去滑雪。
683590	cmn	我的国家离日本很远。
770322	cmn	我從來沒有見過他。
5845581	cmn	我看你长得像汤姆。
6447553	cmn	你想抱怨嗎？
767126	cmn	他們的相遇是必然的。
5989637	cmn	把帽子給你媽媽！
887856	cmn	你知道她什麼時候會來嗎？
4845046	cmn	Tom非常渴望见到你。
335819	cmn	每次餐后服药。
804619	cmn	我的牛仔褲破了一個洞。
381225	cmn	她父母很漂亮，而她却长得一般。
1646905	cmn	我問你你把我跟胖虎怕到哪去了？
746065	cmn	我是从新加坡来的。
884717	cmn	你喜歡電影嗎？
8882016	cmn	国会将在周二开会。
503208	cmn	没有他我的生活是空虚的。
349733	cmn	我決定要和 Margaret 結婚。
1815631	cmn	这个让我笑死了！
336860	cmn	他说：“日本管理层必须学会如何处理美国员工。”
532177	cmn	他患了不治之症。
1305904	cmn	一整个月没看到他们让我感觉很难过。
5396469	cmn	不放在眼裡
4274301	cmn	短时间内掌握英语是很重要的。
6832183	cmn	我不能破例。
336599	cmn	轮胎漏气了。
5809509	cmn	你最好閉嘴。
2336008	cmn	我不这么认为。
1236302	cmn	你真是個傻瓜！
5574606	cmn	你摔坏过你的眼镜吗？
4754679	cmn	她比我更高。
465842	cmn	我很高兴没有买这样的东西。
5548496	cmn	我們賣柳橙汁。
7781444	cmn	请您把旗子换掉。
686607	cmn	我仍然热爱着网球运动。
5836362	cmn	人不能好高騖遠。
879124	cmn	他能解決這個問題。
346194	cmn	Jones先生幫我糾正了文章的錯誤。
884739	cmn	請記住！
336672	cmn	你有照相机吗？
4463316	cmn	那儿曾经很宁静，只不过偶尔会有一些过往车辆的声音。
472898	cmn	现在我想起来了。
336643	cmn	昨天我爸爸抓到了3条鱼。
420378	cmn	比如说，我要到市中心，有什么车子可以坐吗？
829215	cmn	不好意思，請告訴我圖書館在哪？
501579	cmn	天气热得可以在汽车的发动机罩上煮鸡蛋了。
5983667	cmn	汤姆在帮玛丽吗？
6172568	cmn	我不想念他们。
1330015	cmn	男孩还是女孩？
8854693	cmn	汤姆进入了卫生间。
830433	cmn	已經花費了很多的時間和精力。
3707361	cmn	他还没有来，是不是？
834615	cmn	我現在必須離開。
2779412	cmn	这些是很老书。
2531407	cmn	喜欢低调些。
2411900	cmn	荷兰语是低地法兰克语。
832745	cmn	碰到你算我运气好。
759192	cmn	請切，洗，乾燥。
917891	cmn	我去年得了中耳炎。
364930	cmn	這本書比較小。
6109300	cmn	我們還有次機會。
4881649	cmn	你带着耳机吗？
869953	cmn	你為什麼不跟他跳舞呢？
844153	cmn	孩子们非常喜欢在海滩上玩耍。
4265087	cmn	您可以做任何您想做的事。
502922	cmn	他受够了妒忌他才能的人对他的不断中伤。
825152	cmn	那是你的書。
423409	cmn	她穿了一件蓝色大衣。
338799	cmn	这个多少？
834577	cmn	琳達站起來唱歌。
736521	cmn	她欣然用车送我回家。
859270	cmn	久美子跑得跟湯姆一樣快。
419966	cmn	你讲一点素质行吗！
7752868	cmn	我不能做體力勞動。
5092079	cmn	他是我的如意郎君。
5630441	cmn	要是你饿了，我能给你做饭。
1670118	cmn	小聲一點啦！
918548	cmn	我對這個故事感興趣。
686736	cmn	我們走了很久。
4455682	cmn	你現在該離開了。
5094793	cmn	您说德语吗？
781557	cmn	他永遠地離開非洲了。
3148751	cmn	每個星期六下午我都去市場。
5640753	cmn	你是对的吗？
2029450	cmn	他说他知道这个秘密。
1428141	cmn	你说的不是真的。
836135	cmn	安總是把她的房間保持乾淨。
481336	cmn	这个图书馆里禁止看书。
441458	cmn	您的名字怎么拼？
5316648	cmn	如果我告訴她事情，她永遠不會原諒我的。
810665	cmn	明天，明天，只是不是今天-所有的懶惰的人都這麼說。
348054	cmn	她不費吹灰之力就把問題解決了。
710764	cmn	鐳是誰發現的？
1415755	cmn	我妻子想收养一个孩子。
345988	cmn	疏忽招致盜賊。
662315	cmn	他很像他的父亲。
333938	cmn	锄强扶弱，惩恶扬善。
353223	cmn	兩人成伴，三人不歡。
633893	cmn	他不是詩人，是小說家。
840549	cmn	你可以免費擁有這支手錶。
6134986	cmn	你能告訴我跳蚤市場在哪裡嗎？
724312	cmn	我爸爸幫我做作業。
4757606	cmn	她从事律师职业多年。
5843647	cmn	現在的建築物非常的古老
984841	cmn	這就是他寫給我的回信了。
5630448	cmn	给我你的位置。
1312546	cmn	你知道我住哪吗？
3857785	cmn	我没心情出门。
4493475	cmn	把你的背挺直！
790598	cmn	有一天, 夏目漱石在倫敦迷路了。
1737958	cmn	他自己在尝试。
6116263	cmn	普通話和北京話是不同的。
825770	cmn	最近物價已經下降。
8534770	cmn	我的怀疑没有根据。
6105187	cmn	最合逻輯的放鞋處是門口附近。
1316043	cmn	他一连四天卧病在床。
838331	cmn	人生最大的成就是從失敗中站起來。
838576	cmn	他在他的花園種番茄。
4263854	cmn	她非常生气。
6583891	cmn	湯姆沒有回我的電話。
6850351	cmn	你们有吗?
343414	cmn	他一个人住在那儿。
340159	cmn	人群把傷者團團圍住，但醫生來到現場時都讓了路給他。
6149239	cmn	誰和誰是同學？
1423330	cmn	早上要早起。
6850339	cmn	你闻吗?
335265	cmn	我是该队的领导者。
2138430	cmn	只有甚麼都不做才不會犯錯。
344133	cmn	如果你想考試合格的話，就要努力溫習了。
336703	cmn	你为什么来了日本？
336628	cmn	我们希望在放假前做完了工作。
3378198	cmn	你非常快。
844463	cmn	她上私人鋼琴課。
510687	cmn	請給我一張紙。
5934810	cmn	我要会流利法语。
482414	cmn	這家店賣的是牛油、奶酪、砂糖之類的食品。
905988	cmn	不論他來或不來，我都會去。
4845130	cmn	我喜欢花时间和Tom在一起。
419685	cmn	你们是几位？
337876	cmn	您为什么惩罚他们？
5933770	cmn	我们是隔着墙的邻居。
2090262	cmn	真相就是，你们一再隐瞒了真相。
457797	cmn	他是布赖恩·罗克。
1252411	cmn	你是從哪個國家來的?
858940	cmn	傑西的長頭髮完全濕透了。
5094833	cmn	男女消除压力的方法不同。女人们大多与别人聊天，而男人们大多喝烈酒。
2383164	cmn	他是班上个子最高的。
2038485	cmn	我现在小憩一下。
1780760	cmn	你一点方向感都没有。
713107	cmn	你碰见过她了吗？
346707	cmn	他在法國住了一段時間，然後就去了意大利。
2357375	cmn	这正是她想要的。
835649	cmn	不。我很抱歉，但我必须早点回去。
8845104	cmn	儿子让我捧着他的小脚，然后问我：“爸爸，香不？”
5663518	cmn	我们会及时准备好。
793355	cmn	這隻狗跑走了。
866077	cmn	這夥人計劃搶劫。
545891	cmn	他也是推销员。
348588	cmn	松鼠动作很快。
472375	cmn	所有你要做的就是去见她。
400996	cmn	我们的老师试着使用一种英语教学的新方法。
864537	cmn	得到他的幫助，我的工作現在很順利。
344164	cmn	我們期望能再見到你。
842183	cmn	他实足二十五岁。
1311384	cmn	今天我爱整个世界。
7780781	cmn	幸灾乐祸是最大的乐事。
6086815	cmn	我㥃知道了湯姆的殺手的身份。
4844650	cmn	我们很抱歉，Ami，但是你不能加入我们的小组因为..你知道的...小组成员不能超过五个人。
771064	cmn	他找不到避難所。
395194	cmn	很多經濟學家都不知道這點。
1661535	cmn	別拿去惡作劇對吧？
402231	cmn	我買了兩瓶牛奶。
426700	cmn	看起来像天书。
381945	cmn	他为什么不回来？
1824414	cmn	恨你们的，要待他好。
375245	cmn	不知道是誰發明的呢？
5957635	cmn	你去跑步的時候叫我一聲。
347597	cmn	问问他他们是不是还住在东京。
2025806	cmn	汤姆为自己浪费了大好的青春年华感到非常后悔。
694559	cmn	那就要看你有沒有興趣了。
5091776	cmn	你能稍微告诉我关于自己的事情吗？
346013	cmn	我覺得士可殺不可辱。
335713	cmn	别指望别人来为你考虑！
1398668	cmn	我連親也沒有親過她一下。
8582841	cmn	为什么大家突然对我这么好？
770348	cmn	明天你一整天都會在這裡嗎?
1516485	cmn	我妨碍着你吗？
6056490	cmn	桌子上有一臺電腦。
8743666	cmn	如果不是太贵的话，我会买的
8500211	cmn	我们无法否认，他确实是很诚实的人。
1928668	cmn	你不在的時候誰照看狗？
6915645	cmn	走著瞧
862699	cmn	她會唱歌而且舞跳得很美。
2263275	cmn	你听得懂德语，对吧？
879196	cmn	我不知道現在幾點鐘。
6940046	cmn	我不明白他的想法。
5214215	cmn	什么时候？
5544841	cmn	你能閱讀嗎？
1470404	cmn	你洗手了吗？
806241	cmn	沒有不冒煙的火。
4845072	cmn	我的车子的开销比你的要多。
4444846	cmn	我没听到你们的声音。
775823	cmn	你可能誤認珍為他的妹妹。
8387374	cmn	她拒絕了他的請求。
2610378	cmn	我不想帮你。
1750390	cmn	实践出真知。
420220	cmn	不用，洗一洗、吹一吹吧。
5650454	cmn	你看来是个小女孩。
686626	cmn	我打算八点在房里吃早餐。
993776	cmn	他常和她一起去看电影。
745929	cmn	这只苹果非常红。
750607	cmn	他們在雪地裏找到了熊的腳印。
399936	cmn	他昨天下午来看我。
903036	cmn	你可以載我去醫院嗎?
6150020	cmn	她為甚麼要說謊？
420524	cmn	几件随机行李要过一过磅。
5551017	cmn	期末考试临近，所以我很忙。
372373	cmn	我不能一心二用。
796144	cmn	那个女人矫揉造作。
422035	cmn	把這些物質混合起來是很危險的。
1361975	cmn	我能把这个东西带到飞机上吗？
535914	cmn	新生嬰兒很容易生病。
805664	cmn	不，我不這麼認為。
1397396	cmn	上周一我没去上学。
1801483	cmn	公共汽车站在哪儿？
5983687	cmn	我知道你难过。
1417264	cmn	我给你一本书。
5780605	cmn	跟你共事总是很愉快。
2585783	cmn	老板在那里吗？
3704971	cmn	科學造就了許多進步。
8824211	cmn	這些桃子不是很甜。
875377	cmn	我在這裡已經很多年了。
2050803	cmn	喝了一碗热汤，心情舒畅。
426392	cmn	我们看了电影，接着我们一起吃了晚餐。
794249	cmn	明天图书馆见。
832787	cmn	不要在這裡打棒球。
860752	cmn	她擅長說英語。
429377	cmn	我无法信任像他那样的人。
1185692	cmn	除了安拉再没有其他神明，默罕默德是他的先知。
1699124	cmn	先收起來吧！
770252	cmn	如果他在這裡, 他就會來拜訪我們。
4504250	cmn	我是Tom的爺爺。
1064579	cmn	我想让你知道你对我有多重要。
4757244	cmn	汤姆把椅子拿到了下个房间。
757467	cmn	他是一個很難跟他一起做事的人。
918544	cmn	我決定每天用功讀書。
614441	cmn	她醒了。
928892	cmn	他面帶笑容。
745903	cmn	把它带给我。
510751	cmn	你喜欢雪吗？
746056	cmn	下一个街角左转。
842286	cmn	你哪裡痛？
4813371	cmn	你也觉得锤子手机很酷啊！
408207	cmn	只有我一个不会维语。
5624936	cmn	我没在等到你的回应之前添加了句子，真是糟糕。
6020594	cmn	那天晚上你在哪裡？
420872	cmn	我家里有个老年人突然倒在地上，大概是中风了。
817370	cmn	树叶掉在地上。
691291	cmn	我的母亲经常让行人吃耳光。
852221	cmn	我今天下午會去打網球。
6630016	cmn	湯姆、瑪麗和約翰都在這裡。
512934	cmn	她住在纽约。
849015	cmn	他擅長放風箏。
644810	cmn	这种啤酒有苦味。
769690	cmn	我去年在舊金山看這部電影。
332843	cmn	整个夏天，我们在那里过得很愉快。
6559027	cmn	不，汤姆未告诉我。
5632404	cmn	我们没有足够的时间了。
1938672	cmn	在某种意义上，你说得对。
431591	cmn	她买了一部照相机给她儿子。
5907640	cmn	我对那事很是感激。
3377903	cmn	这是汉语书。
804992	cmn	老人們很早就起床。
343233	cmn	他拒绝跟我握手。
926808	cmn	對於他的工作我很滿意。
1644385	cmn	要不要養小貓啊？
5665454	cmn	这可能会导致重大问题。
7771899	cmn	我开始冷了。
6109320	cmn	我今年不結婚。
437745	cmn	我會說一點日文。
1783862	cmn	玛丽在哪里？
5382961	cmn	我昨天一整天都待在床上。
8588209	cmn	虚拟经济的适度发展对实体经济具有辅助和推动作用。
1180719	cmn	如果我有時間我會來。
760898	cmn	你的文法比你的呼吸好。
1883693	cmn	老实说，我不太喜欢她。
2383149	cmn	玛丽喝咖啡不喜欢放糖。
2675123	cmn	短裙不时髦了。
5670724	cmn	汤姆拍了这张照。
5114833	cmn	跑得飛快
5419367	cmn	那裡很冷。
816899	cmn	它在網際網路上，所以它一定是真實的。
826099	cmn	鎖大門。
559392	cmn	我整天都在打電話給他，但是卻打不通。
874513	cmn	你的作文有一些錯誤。
874477	cmn	他們相信珍是誠實的。
2771037	cmn	我搞不懂怎麼樣上傳影像。
4741982	cmn	你想知道嗎？
881747	cmn	當我在那裡的時候，我學習英語。
896505	cmn	在英國開車要靠左行駛。
894991	cmn	謝謝你來接我。
4879136	cmn	这周末有空吗？
7774758	cmn	我甚至没注意到时间的流逝。
6105191	cmn	別被騙了。
8853830	cmn	她看起来像是饿了。
5941930	cmn	那個在說英語的男生比我高。
1223812	cmn	魚和紅酒不合。
900011	cmn	葬禮是昨天。
1951305	cmn	充满阳光的天和充满願望的心...
344512	cmn	我想喝杯紅茶。
737798	cmn	以動物命名人的屬相，是因為我們的先民與這些動物有密切關係。
390393	cmn	我病了，所以沒有上學。
8673662	cmn	我们再谈谈吧。
889153	cmn	他們來到約翰面前，並告訴了他。
1470488	cmn	現在你們忙嗎？
6150899	cmn	我看見一匹馬拉著一架馬車。
888441	cmn	這是因為英語是全球性的語言。
382927	cmn	我看着她离开。
1438576	cmn	你认为我疯了吗？
2779129	cmn	她是护士。
844625	cmn	泰德喜歡吹小號。
686801	cmn	我馬上到你那兒。
340129	cmn	所有人都在等你。
348179	cmn	我以為你會來。
382421	cmn	她有一只猫。那只猫是白色的。
718359	cmn	我夜以繼日地讀書。
7768276	cmn	看起来我们是在一条船上。
2254253	cmn	你要不要我们给你叫辆出租车？
848449	cmn	我聽到孩子們開心的聲音。
860845	cmn	我在箱根渡假。
1416157	cmn	我不知道她什么时候会回来。
465903	cmn	这个机场有很多航线。
8899412	cmn	我们住在一个社会。
7777101	cmn	我很富有。
8854676	cmn	美国的政治看起来很有趣，特别是在选举总统期间。
469034	cmn	因為他們是用法語談話的，所以我一句也聽不懂。
353235	cmn	我們在夏威夷渡過了聖誕。
8798305	cmn	他提议大家一起去游泳。
6624676	cmn	湯姆熱愛花卉。
352613	cmn	对不起，我爱你。
2887904	cmn	你每次都忘记拿钱。
5102345	cmn	让我一个人呆会儿。
345692	cmn	我想檢查一下我是否患了乳癌。
1324008	cmn	我不怕。
1531718	cmn	人們或可選擇何時開始戀愛，但它的終結卻不由人。
1584128	cmn	医生给了她一些止疼药片。
857867	cmn	我希望他現在在這裡。
905346	cmn	這座橋是在兩年前建造的。
919751	cmn	我不知道要做什麼。
3709305	cmn	办事的时候走后门，是很不好的。
813487	cmn	她最晚9点必须回家。
870299	cmn	記者批評了政治家。
1637776	cmn	等一下！我帶回去養好了！
817269	cmn	她努力地工作。
2368464	cmn	她不困。
851490	cmn	冰島以前屬於丹麥。
881077	cmn	我不認為這是你的座位。
1815627	cmn	这个笑死了！
1440419	cmn	你們家在哪？
2919612	cmn	你这样做，辜负了朋友对你的信任。
2333767	cmn	来自岛上的居民向我们求助。
333500	cmn	我把我仅有的钱给了那个男孩。
5655385	cmn	他说的时候，我脑中浮现出了画面。
5502162	cmn	我遵守規矩。
8588260	cmn	酒吧里的舞女不性感。
892469	cmn	這輛卡車從青森運輸新鮮食品到東京。
805531	cmn	合同不久就要到期了。
857973	cmn	我的嗜好是收集古錢幣。
462149	cmn	我肯定这是淡水鱼。
1455210	cmn	我昨晚想到了一個好點子。
401371	cmn	您必须排队。
1878387	cmn	他问我是否很忙？
347196	cmn	等猴年马月再来吧。
905795	cmn	你想和我們一起吃嗎？
1361971	cmn	我们无法辨别哪个更好。
335140	cmn	你是中国人还是日本人？
2393394	cmn	那么好的人究竟在何处能找到？
389952	cmn	宇宙裏是沒有空氣的。
5574143	cmn	我花800日元买了这本书。
389812	cmn	我咳嗽，还有点发烧。
390548	cmn	小鸟欢快地歌唱。
333311	cmn	我们走开的时候，房子被盗窃了。
347083	cmn	别在房间里跑。
836298	cmn	請接受我誠摯的歉意。
805875	cmn	各位，在圖書館裡請安靜。
5624984	cmn	我知道事实。
6141297	cmn	我們没有笑話你。
780272	cmn	我們昨晚吃了咖哩飯。
8794701	cmn	汤姆有一点势利。
1438553	cmn	这是我的公司地址。
824442	cmn	志津子寫了一首關於季節變化的詩。
4546930	cmn	她想亲力亲为。
405779	cmn	这拼图有500块。
803915	cmn	先結婚，那麼愛將隨之而來。
834680	cmn	下次我會更加努力。
344716	cmn	您的包我来拿吧。
891035	cmn	請在車站等我。
423396	cmn	他不喜欢猫。
330586	cmn	我跟父母联络了一下。
333116	cmn	面对巨大的困难，他成功了。
7768117	cmn	“还要咖啡吗？”“不了，谢谢。”
845139	cmn	这个班有15个男生和28个女生。
1964680	cmn	我要去櫃台打聽這裡附近有沒有餐廳。
788824	cmn	我的房間是你的三倍大。
7980282	cmn	你可以在那裡見到我。
345092	cmn	一朝被蛇咬，十年怕井绳。
735195	cmn	他將於六月離開東京前往關西。
1807052	cmn	我喜欢你的房间。
1623402	cmn	你在写字。
8688146	cmn	你在波士顿花了多少钱？
1128589	cmn	你一個人嗎？
806233	cmn	遇難求上帝，過後全忘記。
424517	cmn	烟是肺部健康的敌人。
2004697	cmn	请继续讲你的故事。
5907501	cmn	看来汤姆热恋着玛丽。
458156	cmn	他雖然窮，但生活卻過得很快樂。
4846816	cmn	根据2016年发表的一项研究，德国是世界上最好的国家，加拿大是第二好的国家。
425146	cmn	它就像我的尾巴一样，我去哪里它就去哪里。
3467923	cmn	有汤姆在身边我感觉很自在。
5907512	cmn	你应该带护照去银行。
4061625	cmn	我想變有錢。
333602	cmn	你做什么工作?
2607377	cmn	哇，不说真是不知道啊！
2474932	cmn	画框比画还值钱。
1971414	cmn	你得等下一班公車。
335242	cmn	几十个年轻人参加了示威游行。
6952650	cmn	這是一個東方的概念，用西班牙語不太好解釋。
3709243	cmn	在企业整顿中，要坚持高标准，严要求，防止走过场。
846299	cmn	她的心流露著感激之情。
5683204	cmn	我同意你的意見。
780284	cmn	這個玩偶是誰做的?
503088	cmn	我怀疑我是不是为这个世界而生的。
380687	cmn	与其知道你要走，我宁肯你没有回来过。
2394592	cmn	你想进来吗？
5780594	cmn	我们偶然间乘了同一列列车。
444598	cmn	绿色的毯子和这条蓝色的帘子不配。
6449457	cmn	请联系我。
811291	cmn	弹钢琴的女孩是我妹妹。
877611	cmn	我告訴了警察我所知道的。
2109213	cmn	地球上有七大洲。
510768	cmn	我再也走不动了。
346698	cmn	我前幾天遇見了他。
825887	cmn	你是對的。
1397133	cmn	他为了惹恼我故意犯错。
4270100	cmn	我的大儿子是Lech Zaręba。
3086989	cmn	食物已经准备好了。
3580026	cmn	哪个杯子是你的？
879171	cmn	他相信他是醫生。
1873014	cmn	她已经五天不上学了。
2027947	cmn	我不想读这本书。
8558120	cmn	这一点不容小觑。
369120	cmn	你根本不開車，有車又有甚麼用？
4262042	cmn	他聽到那個時，皺起了眉頭。
882536	cmn	除非有人跟他說話，他不說話。
2366036	cmn	您想听听这件事的真相吗？
1314160	cmn	我感觉你不是很热。
6835401	cmn	老師用錄音機放音樂。
1490839	cmn	這份禮物是送給你的。
777015	cmn	你可以借我你的腳踏車嗎?
4764642	cmn	首相解散了国会。
1477279	cmn	相关关系不导致因果关系。
466059	cmn	我数年来都和这家商店做生意。
899132	cmn	要说锻炼身体，虽然我痛恨大部分的运动，觉得它们真的无聊，但是我喜欢去健身房举重。
772056	cmn	昆蟲破蛹而出變成成蟲。
335119	cmn	他刚回到家。
1780718	cmn	你有筆嗎？
6130413	cmn	這家火鍋店很正宗。
842479	cmn	我們叫我們的狗Johnnie。
2047863	cmn	他們壟斷了原物料供應，並開天價。
3389730	cmn	跟他们一起去！
2321613	cmn	他非常慌張。
5551013	cmn	我爸爸喜欢网球。
775441	cmn	並非所有的乘客都免於受傷。
751706	cmn	我忘記了我的密碼!
811373	cmn	你们可以搜索含有某个词的句子并得到这些句子的翻译。
1397122	cmn	这本书弊大于利。
4264348	cmn	他剛買了輛二手汽車。
6149010	cmn	湯姆是最後下巴士車的人。
4440148	cmn	跟着岁数增长他变得比以前倔。
4757243	cmn	汤姆一个月来这里三四次。
454047	cmn	我必须得帮助他。
598106	cmn	她十分尊敬她的老師。
7066671	cmn	共有三人被困洞中。
8746411	cmn	我也能去
3378212	cmn	你是中国人吗？
444610	cmn	好了，我要走了。
6101263	cmn	我聽說湯姆試圖自殺。
8686702	cmn	请问这个手帕多少钱？
1705848	cmn	請儘量批評。
3538051	cmn	才4点钟他就起床了。
651196	cmn	你的问题和这个主题没有关系。
8673733	cmn	我沿着河走了段路。
989155	cmn	她在家不讲日语。
368741	cmn	沒有甚麼好怕的。
4763872	cmn	这只狗挑了。
332904	cmn	你的提议值得考虑。
8888007	cmn	他是最高的男生。
777949	cmn	他看了看四周，但沒看見任何人。
3579602	cmn	由于训练迟到，杰克的教练决定把他留在替补席。
834488	cmn	他按下了緊急按鈕。
344869	cmn	我昨天病了。
1618949	cmn	開始工作前要先做好計劃。
811258	cmn	大部分大不列颠的男人定期送巧克力作礼物给他们的合伙人，尤其是在他们生日的时候。
334672	cmn	男人应该工作。
432998	cmn	Bob将自己收集的邮票大部分都给了Tina，只留了一小部分给自己。
6057694	cmn	我們的飛機上午十一點到。
503185	cmn	我不是只有这个要做。
1343695	cmn	你可以再說一遍嗎？
332557	cmn	你会溜冰吗？
4844827	cmn	汤姆让他的仆人们在黑暗下进餐。
2357622	cmn	我们正好赶上最后一趟火车。
1411683	cmn	他转动钥匙。
5613630	cmn	我只吃了一口面包。
7432364	cmn	限你三分鐘內投降
8696319	cmn	玛丽是咖啡成瘾者。
1358665	cmn	你现在感觉如何？
839829	cmn	加肉。
799208	cmn	你尝过那么好喝的汤吗？
798158	cmn	紐約位在哈得遜河。
6481247	cmn	風很大。
941385	cmn	他倒霉极了。
2028054	cmn	一次代谢产物是每种植物中普遍存在的维持有机体正常生存的必需物质。
3739208	cmn	很美味。
692772	cmn	一百年才出一个周立波。
829559	cmn	她现在住在哪儿？
5660102	cmn	湯姆是瑪麗的初戀。
3163373	cmn	醫師叫他控制抽菸的量。
437294	cmn	我试着记住这首歌。
6093897	cmn	我們沒有時間來辯論。
1076058	cmn	你这每天教我们一句，受益匪浅哇。
4267379	cmn	我父亲有家餐馆。
429169	cmn	街上有几百辆车。
706432	cmn	我不能原谅他的懒惰。
5092042	cmn	我们被逼得走投无路了。
429146	cmn	我不想晒黑。
846105	cmn	我不喜歡在泳池裡游泳。
348930	cmn	我工作了一整天，很累。
792851	cmn	他的话就是命令。
5574711	cmn	你真的相信那发生了吗？
2500073	cmn	因为汤姆一上课就睡觉，所以他像是个去上学就是去睡觉的人。
907878	cmn	湖上有一些船。
420788	cmn	给你添麻烦啦！
361792	cmn	他命中注定要成為偉大的音樂家。
5363967	cmn	Tom有兩個孩子。
813434	cmn	这是报纸还是杂志？
3363041	cmn	如果你问这里的人怎么样，我会告诉你：和其他地方的人一样。
7768195	cmn	我已经累了。
824704	cmn	請進來。
5383914	cmn	我在露西亞家和露西亞一起學習。
6069977	cmn	一天早晨我穿着睡衣射了一头大象
427615	cmn	为什么不尝尝寿司？
6585427	cmn	湯姆對甚麼都不怕。
1737905	cmn	墙上沾满了血。
517541	cmn	他不喜欢我们。
389799	cmn	我丢了我的灵感。
338995	cmn	她終於受不了誘惑，吃掉了整件蛋糕。
432999	cmn	他是个有为的青年。
2070495	cmn	昨晚我看了电视
1423348	cmn	遗憾的是你不能来。
2166017	cmn	你能否說出這個詞的精確意思?
792855	cmn	我需要学习数学。
2393483	cmn	我写了一篇文章，麻烦您看一下它行不行。
834669	cmn	只要把那些包包放在任何地方都行。
907492	cmn	世界語只有16個語法規則。
1269316	cmn	我们生活中的朋友有时会让我们觉得无聊，而我们书中的朋友永远不会这样。
876725	cmn	他獨自住在森林裡。
5995694	cmn	他的鞋子是咖啡色的。
1371220	cmn	人们怀疑他是间谍。
5550197	cmn	汤姆相信超自然现象。
375353	cmn	美国人是很友善的人。
429383	cmn	当我忘记约定时，他十分愤怒。
769791	cmn	我不能流利的用英文表達。
819330	cmn	今天有人缺席嗎？
6158474	cmn	這裡是圖書館嗎？
332779	cmn	一个神圣的仪式在庄严的庙宇中举行。
2078427	cmn	他从不喝酒。
5993928	cmn	汤姆给玛丽买了个房子。
8091340	cmn	她去哪買了這些東西？
838070	cmn	俗話說：一寸光陰一寸金；可俗話又說：寸金難買寸光陰！
5710172	cmn	湯姆洗了個冷水澡。
344168	cmn	我現在可以回家嗎？
4906176	cmn	那个啤酒多少钱？
6015795	cmn	他背著一個馬桶包。
435382	cmn	如果是这样的话，我们该做什么？
2482643	cmn	今天你感觉身体怎么样？
6535138	cmn	別走這麼快。
8889286	cmn	任何人知道这是什么？
1278566	cmn	他在一家工廠工作。
606725	cmn	歐洲現在是不是還有很多人信鬼？
3367336	cmn	时间不等人。
795462	cmn	因为一起事故，我上学迟到了。
6142023	cmn	你是明惠。
941157	cmn	我決定出國留學了。
3647415	cmn	男孩在问一个问题。
918503	cmn	我很好奇那个建筑物是什么时候建造的。
2029308	cmn	大部分日本人都以米饭为主食。
788821	cmn	我的房間很亂。我必須把它弄整齊。
887881	cmn	他不會繼續去上研究所。
890600	cmn	我父親為我做了一頓美味的午餐。
437414	cmn	我把玛丽介绍给我的父母了。
860550	cmn	請講慢一點。
877616	cmn	他留給了他的兒子一大筆財富。
844565	cmn	我們可以在這個公園裡玩四輪溜冰嗎?
429449	cmn	她和她婆婆实在很像。
4265890	cmn	地球、火星和木星是行星。
1231034	cmn	你是跑回來的。
1067321	cmn	她喜欢吃杨梅。
811889	cmn	在美國的人說英語。
2130745	cmn	你為什麼在結巴。
5611598	cmn	你最好尽快去做。
765203	cmn	若望保祿二世是第一個在復活節用世界語祝禱的教皇, 換句話說, 就是在1994年4月3日; 那年的聖誕節他也用世界語祝福。他還更進一步地在後來的幾年這樣做, 他的繼任者也跟他一樣。
804530	cmn	爹地喜歡講有趣的事。
1456448	cmn	天空一会儿就会晴朗了。
5640740	cmn	你全做错了！
5102310	cmn	进来。
6744726	cmn	汤姆恨运动。
1977170	cmn	冰淇淋会融化所以我把它放在冰箱里。
782681	cmn	男人戴了一个老虎面具。
420830	cmn	你到厨房里替我把一把锤子拿来。
5973350	cmn	請把們們打開讓他進來。
399588	cmn	你坐火车去吗？
785130	cmn	你看起來很高興。
7772063	cmn	没有你，这座城市寒冷又孤寂。
4952719	cmn	他总是抱怨这抱怨那。
404978	cmn	你會這樣想是理所當然的。
711626	cmn	是关门的时候了。
1112814	cmn	她一直都適應新環境。
411654	cmn	明天早上6点给我打电话。
3630217	cmn	那是好消息吗？
373394	cmn	我把你認成了別人，所以才沒有和你打招呼。
5698043	cmn	奥利弗有粉刺的问题。
838080	cmn	俗話說：不怕人不敬，就怕己不正；可俗話又說：眾口爍金，積毀銷骨！
887873	cmn	他在下一站下車了。
4264982	cmn	咬我手的就是这条狗。
6161733	cmn	我喜歡喝天然的礦泉水。
5920593	cmn	便利店出兑。
1753035	cmn	欢迎来到我们家。
452604	cmn	昨天晚上我吃了咖喱伴饭。
6585435	cmn	你會困惑。
611463	cmn	国内是有不少假冒的肯德基。
848451	cmn	他可能已經離開京都了。
16	cmn	那是一张近照吗？
881907	cmn	你知道她喜歡什麼顏色嗎？
859409	cmn	請原諒我的魯莽。
439063	cmn	最后我们知道了真相。
2523903	cmn	咖啡好了。
373530	cmn	我們已經做好了最壞的準備。
5918689	cmn	快快，很晚了。
4970122	cmn	等等！
1706446	cmn	雪从明天开始下，一直持续一个星期。
5556053	cmn	我知道我会赢。
834334	cmn	有人可以唸這個字嗎？
802070	cmn	她長大後成為了一名獸醫。
417335	cmn	他們都是好學生。
1998174	cmn	今天我又没有写完作业。
1178871	cmn	我的車是Toyota做的。
1313744	cmn	他没有出去，而是坐下了。
6101456	cmn	我們快要到必須改變我們計畫的時候了。
4844756	cmn	我非常享受你的陪伴。
769810	cmn	男孩們習慣在鄰居家玩。
1411704	cmn	浴室干净吗？
4402759	cmn	我说你应得的。
842245	cmn	我上週買了它。
3700307	cmn	今天我的包很轻。
8635485	cmn	我没有权利干涉。
6086841	cmn	你有一天會明白。
5763010	cmn	他们已经取消了罢工。
353653	cmn	你用完了把它放回去。
345688	cmn	我今天有很多事要做。
4757596	cmn	汤姆正给他的好友写信。
4948520	cmn	他对生活感到很无奈。
882512	cmn	你今晚想吃壽司嗎？
494501	cmn	這輛車沒有以前跑得那麼順暢了。
1408353	cmn	我想呆在家多过钓鱼。
893375	cmn	我今天早上五點醒來。
798198	cmn	學校在四月十日開學。
2392983	cmn	三穷三富过到老。
1298543	cmn	他戴着帽子
1946776	cmn	车要散架了。
1790036	cmn	我们是熟人吗？
839109	cmn	樹不要皮，必死無疑。人不要臉，天下無敵。
875137	cmn	日本國會今天正式選舉了橋本龍太郎作為全國第52屆總理。
8853730	cmn	汤姆对玛丽说了他将搬到波士顿。
2039305	cmn	公共的机关已不再存在了，而且也不可能存在下去，因为在没有国家的地方，是不会有公民的。“国家”和“公民”这两个辞应该从现代的语言中取消。
834405	cmn	我買了一台不錯的照相機。
5926184	cmn	你怎么回来得这么快？
6678059	cmn	你爱他，但我不得不与某人在阿贾克斯FC季2013-2014年。
334330	cmn	只有能提出新问题的回答才是有用的回答。
6284493	cmn	我們要六張門票，兩張是學生票，這是我們的學生證。
6559056	cmn	我想訂張票。
374681	cmn	不用了，我自己走。
5900373	cmn	我马上做比较好。
347310	cmn	你要在这里呆多久就呆多久
784871	cmn	你去过墨西哥吗？
825135	cmn	她常常感冒。
522237	cmn	我昨晚做了一個惡夢。
6633882	cmn	湯姆和瑪麗都知道你是誰。
856640	cmn	我的终生目标是成为一名作家。
6940201	cmn	香菇是一種菌類。
918481	cmn	她几乎每天都喝不含酒精的啤酒，因为啤酒是她喜欢的饮料，但是她不想每天都喝酒精。
3701734	cmn	你看起來沒有很忙。
2254393	cmn	我的房子面朝大海
1776563	cmn	那个路口发生过什么？
349722	cmn	我決定要去外國讀書，把父母嚇了一跳。
663250	cmn	他下午会去公园走一走。
2757280	cmn	對於這件事，他表達了遺憾之情。
777014	cmn	你可以借我你的字典嗎?
5393356	cmn	我知道很多法语词汇但我很难将它们组成句子
862207	cmn	开门！
846481	cmn	他坐在两张椅子上。
7781686	cmn	在这等一下，等我回来。
686916	cmn	今天我誰都不想見。
1659818	cmn	只有和平能够拯救世界。
1255495	cmn	我有個朋友的父親是知名的作家。
805910	cmn	請用鉛筆寫下你的名字。
389825	cmn	人应该明白世界在变。
2876305	cmn	用法语怎么说我爱你？
833794	cmn	我可以吃一口嗎？
3029728	cmn	他的人生充满了起起落落。
3565105	cmn	时间是宝贵的。
345879	cmn	那是一个派。
862886	cmn	對不起讓你一直等。
4182621	cmn	我们喝了很多。
884637	cmn	沒有太陽就沒有生命。
653489	cmn	请代我向你的家人问好。
4473150	cmn	对此你确定吗？
6728900	cmn	湯姆威脅過你嗎？
3780479	cmn	她建议我取消会议。
728064	cmn	旗袍因有与众不同的特点而在国际时尚界享有与日俱增的名望。
501513	cmn	你在我旁边，现在一切都好了。
1450719	cmn	我沒有勇氣把事實告訴她。
366887	cmn	她用图来表达她的想法。
5153277	cmn	我们在哪里集合？
1020002	cmn	很高興再次見到你。
2130872	cmn	她一開始結巴，她的同學們就忍不住笑了。
863971	cmn	他為什麼會胃痛的原因很明顯。
609909	cmn	一个成长中的孩子如果没有充足的能量，可能需要药物治疗。
5092678	cmn	请跟着我们。
4265164	cmn	挺好。你呢？
2052237	cmn	不要留下我一个人！
403770	cmn	我累得走不動了。
835648	cmn	吉隆坡值得一遊。
396363	cmn	去年我太太过世了。
6857068	cmn	所谓爱，并不仅仅是一种情感，也是一种艺术。
792811	cmn	我不想再听到其他借口了。
825951	cmn	請讓我走。
345369	cmn	肯和弟弟长得很像。
1216055	cmn	我要这本日中词典。
3321128	cmn	被突襲後宣告戰爭是可以預想的，但用炸彈屠殺萬人以上的平民卻是前所未聞的。
884659	cmn	暫時收手不代表忘記。
6172107	cmn	這裡很熱。
791642	cmn	你发生了什么事？
889359	cmn	我想現在喝冷的東西。
5650533	cmn	那是完美的。
1278516	cmn	她很忙。
6147814	cmn	你不認識他。
2757119	cmn	我的主修是語言學。
851505	cmn	我會告訴你去車站的路。
1927048	cmn	订机票了吗？
771479	cmn	我想沒關係。
335869	cmn	谢谢你的耐心。
8853819	cmn	土耳其禁止了推特的访问。
334421	cmn	往返吗？是单程。
2195250	cmn	他太年轻了，不能喝酒。
838039	cmn	俗話說：人多力量大；可俗話又說：人多嘴雜!
861111	cmn	我想看看它。
427564	cmn	我有个黄鱼脑袋。
2394470	cmn	你能教我英语吗？
6080277	cmn	她不穿丁字褲。
848693	cmn	我聽到她唱歌。
3043968	cmn	你出席了我的婚礼。
6169150	cmn	我需要你幫我找湯姆。
362628	cmn	他好像做甚麼事也順順利利的。
826045	cmn	我的眼睛痛。
423880	cmn	難怪他這麼生氣。
346456	cmn	您身上有多少钱？
5624136	cmn	丹想让你知道他不恨你。
882176	cmn	我在那匹馬下十美元的賭注。
5911624	cmn	我回家路上会在你那里停下。
6084395	cmn	沒有什麼話語能減輕她深深的悲傷。
8720485	cmn	有些人反对汤姆的意见。
6923182	cmn	你不能這樣活。
481156	cmn	问题是 我没什么要跟他说的。
796081	cmn	他是我父親。
5993947	cmn	你借它了吗？
810150	cmn	虎与人是无法比拼力量的，但是，老虎还是比人类低等。
345374	cmn	我无言以对。
3493108	cmn	他总是准时到。
8690157	cmn	那里有座桥。
1304761	cmn	我們公司今季的赤字上漲了差不多一成。
426239	cmn	我可能把雨傘留在公車上了。
762007	cmn	我們聽音樂。
2188406	cmn	他们在河中洗澡。
334552	cmn	我感觉困得几乎不能睁开我的眼睛了。
819463	cmn	邁克歌唱得很好。
3763535	cmn	腎臟病患者請勿在無醫生同意下服用。
3149270	cmn	大部分美國人支持這項決定。
343903	cmn	这代价太高了。
3478403	cmn	那个密码非常长。
835651	cmn	我會很樂意幫助你。
918537	cmn	他花了一上午的時間看書。
900363	cmn	這首歌曲在日本很受歡迎。
5091667	cmn	汤姆扔掉了他的旧书。
794189	cmn	很高兴再见到你。
3947667	cmn	在您的國家說什麼語言？
908387	cmn	你按了按鈕嗎?
8490479	cmn	把你句子中的这个词去掉，因为它是多余的。
1397142	cmn	这不是我拿手的。
1928694	cmn	我會帶你參觀這個城市。
402834	cmn	我那個年代的學生大多不讀書，但考試卻不會不合格。
881082	cmn	我明天會問他。
6059525	cmn	我每週吃肉三次。
765364	cmn	人們把這種鳥叫做布穀鳥。
5900393	cmn	没有更多免费座位了。
771492	cmn	這就是生活。
903315	cmn	暴風雨造成了很大的損害。
6633869	cmn	我沒打算叫醒你。
433005	cmn	真搞不懂他是怎么想的。
3702838	cmn	请问，中国银行在哪儿？
375373	cmn	信用卡很有用，但也有风险。
6169144	cmn	我知道我欠你錢。
469479	cmn	爸爸给我买了一个照相机。
1148284	cmn	这个橙子味道鲜美。
402290	cmn	請大家看看黑板。
1762972	cmn	你以为这是拍电影。
1708452	cmn	你躺下來。
1438519	cmn	我不赞成你吸烟。
901922	cmn	用不着这么严格。
466264	cmn	会议重新开始的时间还不确定。
7774358	cmn	我只想要一件东西。
