5443227	fra	Marie a besoin d'un conseil.
8630338	fra	Il adore courir dans la cour.
330173	fra	C'est la répétition qui t'aide à te souvenir de quelque chose.
900435	fra	Où conduit cette rue ?
1905113	fra	Il a dit qu'il n'était pas entré dans la chambre, mais c'était un mensonge.
3661675	fra	Donnez-moi du feu pour allumer ma cigarette.
7778316	fra	Tu dois remercier Tom.
959494	fra	Tu es celle que j'attendais.
6443900	fra	Mets ça dans ton sac à dos.
6841202	fra	Êtes-vous psychologue ?
4227811	fra	Je ne l'ai jamais refait.
2387163	fra	Vous vous attardiez.
3525966	fra	Je me sens presque désolé pour toi.
6380972	fra	J'ai déjà essayé de faire cela trois fois.
7801859	fra	Tu ne devrais pas utiliser le mot « gay » comme une insulte.
6558629	fra	Marie a stérilisé le biberon.
7355588	fra	Sami demanda à Layla de ne pas toucher la boîte qui était sur le siège avant.
2215095	fra	Je trouvais des excuses.
5798299	fra	Tout ce que tu voudras, mon cher.
2120965	fra	Les tableaux de ce peintre ne me font ni chaud ni froid.
1385633	fra	Une question est-elle encore une phrase ?
4180830	fra	Je veux que Marie aille à l'étage.
1364195	fra	Nous lui laissâmes la décision finale.
5573164	fra	Et quel est le plan maintenant ?
4601545	fra	Ne sentez-vous rien ?
1171857	fra	Quelles sont les cinq premières lettres de votre adresse électronique ?
4115368	fra	J'ignorais comment.
7550515	fra	Je veux que tu portes celui-ci.
8700367	fra	Elle ne sait pas encore ce qu'elle veut faire.
8872810	fra	Les enfants ne doivent pas passer trop de temps devant les écrans.
5899587	fra	N'es-tu pas satisfait ?
847057	fra	Sa maison de campagne est sur la côte.
2923610	fra	Elle se douchait.
6459949	fra	Qui vous a mis en charge de la chorégraphie ?
879922	fra	L'image de la Terre vue de la Lune est une des icônes du XXe siècle.
5463555	fra	Il a perdu les numéros de téléphone de ses amis.
1690358	fra	Ils ont répondu à mes questions avec difficulté.
2731333	fra	Par courrier recommandé ?
8648786	fra	Même Tom souriait.
7896769	fra	J'ai trouvé des crayons de couleur pas chers, alors j'en ai acheté à mon fils.
3545280	fra	Quel délire !
8442910	fra	Je ne vais pas traîner leurs valises.
6373745	fra	Voulons-nous vraiment cela ?
1582351	fra	J'ai parcouru toutes les particularités de la chose, qu'elles me paraissent significatives ou pas.
7900197	fra	C'était tout sauf plaisant.
2604497	fra	Qu'étudie un soviétologue ?
4180827	fra	Je veux qu'elle aille à l'étage.
2341374	fra	Vous avez beaucoup de temps libre.
3812	fra	Même si tes phrases étaient effectivement vides de sens, au moins tu as la chance de savoir faire de belles phrases.
1364511	fra	À quelle heure prendras-tu ton petit déjeuner ?
6456029	fra	J'ai un permis pour cette arme.
1930199	fra	Je ne file pas leur laine.
488710	fra	Pourquoi étiez-vous absent hier ?
5574590	fra	J'aimerais une fourchette.
6843891	fra	J'ai une voisine canadienne.
15094	fra	Et si tu venais au cinéma avec moi ?
1010523	fra	L'agressivité du garçon crée des problèmes.
4585965	fra	Je viens volontiers !
2370222	fra	Elles s'agenouillaient.
135741	fra	"Je ne peux pas réfléchir avec ce bruit", dit-elle en regardant la machine à écrire.
4835672	fra	Je suis désolée si je vous ai effrayée.
5802224	fra	Veux-tu écouter mon histoire ou non ?
4489894	fra	Si Marika était une fée, toi, tu es un ange.
914861	fra	Est-il en train d'étudier ?
6155842	fra	Dans le ballon il y a encore un ballon.
4867322	fra	Vous pouvez tous aider.
3428143	fra	Cela faisait longtemps que je n'avais pas vu Tom aussi heureux.
4466066	fra	J'ai bien peur que vous ayez raison.
6154911	fra	Nul oiseau ne vole haut qu'avec ses propres ailes.
5513365	fra	Je regrette de vous faire des reproches.
4875325	fra	Est-ce là tout ce que vous pouvez dire ?
945231	fra	Ils sont fous ces Romains !
12015	fra	Et maintenant, représente-toi un comté, n'importe lequel, et imagine que ce comté est divisé en cinq ou six zones différentes.
891254	fra	Mangeras-tu un peu de gâteau ?
1140350	fra	J'ignorais comment le faire mais j'étais disposé à essayer.
8709117	fra	Ils m'ont menacé.
815070	fra	Un verre de vin dans la soirée m'aide à me délasser après une journée chargée.
4479334	fra	Elle s'est évanouie à la vue d'un tigre.
3320711	fra	Je suis un homme indépendant.
7702017	fra	Un vieil homme voit mieux ce qui est derrière lui qu'un jeune homme voit ce qui est devant lui.
2474477	fra	Je crois que j'ai convaincu Tom de faire un don.
4462826	fra	Marika a cessé de m'appeler.
1121141	fra	Vous êtes important.
8110655	fra	Pourquoi ne restez-vous pas un peu plus longtemps ?
4165512	fra	Elle vous accompagnera à l'aéroport.
385358	fra	Vous me manquez.
6839420	fra	Je sais que c'est fini pour Tom.
2347580	fra	Tu peux acheter un livre pour la route à la gare aussi.
2503280	fra	Pouvez-vous me changer ce billet ?
1371696	fra	Que faites-vous, la plupart du temps ?
2426573	fra	Je suppose que tu as entendu dire ce qui s'est passé ce matin.
4069769	fra	Allons-nous trop vite ?
1316307	fra	Il s'introduisit dans une maison.
1628774	fra	Mon frère se rend à la pêche chaque jour férié.
986304	fra	Nous avons fait exploser un énorme rocher à la dynamite.
1311843	fra	La première fois que vous rencontrez une personne, vous devriez être attentif à la proximité avec laquelle vous vous tenez par rapport à elle.
7448141	fra	Il nous a trouvé un travail.
5257639	fra	Elle a lavé votre chien.
7632760	fra	Une année de bonheur.
5243586	fra	Les pommes de terre sont des légumes.
5359240	fra	Mon père est mort quand j'avais treize ans.
6843594	fra	J'ai continué à parler.
2467916	fra	Je veux simplement que tu penses à moi de temps à autre.
4839494	fra	Tu n'es pas viré.
1987840	fra	Dis-moi lequel choisir !
1709892	fra	Il a endurci son cœur envers elle.
3642090	fra	Cette maison est hantée.
464014	fra	J'aimerais prendre une tasse de café.
1684724	fra	Respecte tes aînées.
1706504	fra	Vous avez été parfaits.
8395903	fra	Je pense que c'est fini.
8438824	fra	Ils la découvrirent.
2531973	fra	Ne fais pas deux choses à la fois !
1599312	fra	Ce fut un fiasco total.
8231449	fra	Je n'ai pu voir personne.
8640089	fra	Il a annulé sa commande.
6001598	fra	Elle est âgée !
1942319	fra	J'aimerais soumettre une demande de visa.
1942552	fra	Je ne badigeonne pas vos murs.
2306030	fra	Ils se détendirent face au feu.
7289668	fra	Sami a été malade.
425047	fra	M'emmènerais-tu dans ta voiture jusqu'au bureau de poste ?
1645717	fra	N'aimant pas les carottes, il ne le mangea pas.
6569788	fra	Je me suis reposée à l'ombre d'un arbre.
7290441	fra	Je dois convaincre les gens de faire ça.
2798139	fra	Marie m'a dit qu'elle aurait certes le courage de traverser avec moi le Loch Ness à la nage, mais que cela n'était pas possible actuellement à cause du froid excessif.
745202	fra	Il adore voyager.
5535067	fra	Y a-t-il un message ?
968001	fra	Je peux recommander ce restaurant.
2386844	fra	Je montais la garde.
4947789	fra	Félicitations pour votre diplôme !
920899	fra	Jamais un lourdaud, quoi qu'il fasse, ne saurait passer pour galant.
498954	fra	Qu'est-ce qui t'a amené ici ?
6569809	fra	Qui a gagné aujourd'hui ?
942656	fra	Irions-nous nager ?
7853383	fra	Est-ce que tu veux le faire avec moi ?
3984739	fra	Je vais faire un saut à la banque, tu peux surveiller le gratin ?
8881618	fra	L'as-tu déjà vu ?
1424384	fra	Nous voulons lancer ce produit sur le marché japonais.
2127014	fra	Tom alourdissait ses valises.
6926606	fra	Je suis une de tes employées.
6819	fra	Je vais au cinéma de temps en temps.
8315204	fra	Ne gâche pas la fête !
1783988	fra	Je pense que tu es jaloux.
5389528	fra	Nous étions censés aider Tom hier après-midi.
1367891	fra	La nuit dernière, elle lui a promis de le rencontrer.
8013823	fra	Les gens croient ce qu'ils veulent croire.
1213101	fra	Tout à coup, il se mit à pleuvoir.
838164	fra	Qui est l'instigateur de cette rumeur ?
134000	fra	Elle ne supporte pas le bruit.
7431361	fra	Tom travaille pour gagner de l'argent.
128019	fra	J'avais besoin de travailler sur une dissertation.
2227316	fra	Tu es très capable.
1395324	fra	Elle ne veut pas qu'il achète une bague de fiançailles onéreuse.
6818020	fra	Tom était avec sa famille le week-end dernier.
3783781	fra	À date, c'est la seule idée que j'ai.
1434904	fra	Elle m'a envoyé sur les roses, simplement envoyé promener.
2572519	fra	Elles font souvent l'école buissonnière.
3017902	fra	C'est une preuve d'amour.
1271240	fra	Est-ce qu'il reste des places assises ?
5798161	fra	J'ai proposé à Tom de lui prêter de l'argent.
2902976	fra	Nous avons été chargés de continuer ce travail.
2373356	fra	Je suis désolée, je ne me rappelle pas vraiment.
8635628	fra	Ce tableau est adjugé au plus offrant.
2077406	fra	Prenez la porte, voulez-vous ?
3271273	fra	Tu galères, mais c'est normal. C'est toujours difficile lorsqu'on est jeune !
1947378	fra	C'est bien plus marrant que d'étudier.
5309908	fra	Nous regarderons sa belle poule.
7356119	fra	Dis-moi la vérité, s'il te plaît.
5377446	fra	Je jouais de la trompette dans notre groupe de lycée.
4614037	fra	Ils ont déménagé en Allemagne.
1183853	fra	Il est un peu rouillé.
932051	fra	L'avez-vous vue ?
7850621	fra	On m'a volé mes papiers.
672968	fra	Skier, c'est super amusant.
585182	fra	Que feriez-vous à ma place ?
1053930	fra	Lorsque la science était moins importante qu'elle ne l'est maintenant, c'était bien joli de laisser la science aux scientifiques.
390710	fra	Je crois qu'il est impliqué dans ce scandale.
4696131	fra	Me connait-il ?
5461566	fra	Vous devez être ici à 14 h 30 demain après-midi.
2231723	fra	Tu te chauffais.
4429311	fra	Le chat que vous avez trouvé est le mien.
2490326	fra	Vous est-il arrivé d'allaiter un bébé ?
5286705	fra	Nous copiions des phrases.
3256370	fra	Voulez-vous goûter ?
2422814	fra	Je trouve ça inapproprié.
3325446	fra	Un oiseau alla se percher sur l'arbre.
4992593	fra	Il a marché sur un Légo.
2291516	fra	Je n'ai pas dit que vous l'avez fait.
5833118	fra	Quelqu'un doit avoir fait une erreur.
2412221	fra	Je pense que nous avons peut-être quelque chose dont vous seriez intéressés de faire l'acquisition.
2388682	fra	Elles insultaient les gens.
428442	fra	Il y a beaucoup d'animaux dans le parc.
1767879	fra	Vous n'êtes pas censé être là-dedans.
5681218	fra	Je ne sais pas ce que vous comptez faire.
8390129	fra	Je dois faire mes bagages pour le voyage.
4920301	fra	Le lotissement a été divisé en 80 parcelles de terrain.
8651768	fra	La communauté mondiale doit être consciente du canular et dénoncer les intentions malveillantes de la mafia des médicaments dans la propagation du coronavirus.
846952	fra	Il compara la copie à l'original.
8090757	fra	Un peu de silence !
6878360	fra	Le réalisateur sud-africain Carlos Carvalho est mort après s'être fait percuter la tête par une girafe.
3491226	fra	Ça coûte à peu près combien ?
3675722	fra	Elle me salua d'un sourire radieux.
1223223	fra	Dans toute plaisanterie il y a toujours une parcelle de vérité.
3571970	fra	Je préfère lire les romans que de les écrire.
1551264	fra	Voici ce que tu es supposée faire.
1957266	fra	Vous n'avez pas le bon client !
4625962	fra	Faites une liste !
2043506	fra	Je ne peux pas te laisser faire ça.
955640	fra	Je ne réponds jamais aux courriels émanant de gens que je ne connais pas.
2128824	fra	Je n'amuse pas les enfants.
4626911	fra	Tu es un puritain.
1372212	fra	Tous les jours sont des jours bénis.
2426770	fra	Avez-vous perdu beaucoup de sang ?
2932348	fra	Cesse de me pomper l'air.
4962360	fra	Je ne me sens pas dans mon assiette.
1391583	fra	La pédagogie, ça ne consiste pas à ânonner.
1347610	fra	Quand puis-je vous voir la prochaine fois ?
2966288	fra	Le temps est vraiment tristounet, aujourd'hui.
5238509	fra	Je dois consulter mon dentiste.
1311831	fra	Elle a pratiqué le piano pendant un an et peut y jouer un peu.
4907411	fra	Elles m'ont bien eu.
7664188	fra	Notre petite fille ne peut pas s'endormir sans qu'on lui raconte un conte de fée.
7421495	fra	Je suis invité au festival du livre.
1438177	fra	Si, par le plus grand des hasards, il devait pleuvoir, il ne viendrait pas.
6629640	fra	Tu peux en remercier ta bonne étoile.
5702608	fra	Tom doit avoir tort.
8700620	fra	Où as-tu trouvé ce coquillage ?
1159194	fra	Reprenons notre souffle quelques minutes.
429810	fra	Il a beaucoup fait pour sa société.
4093088	fra	A partir de maintenant, c'est moi le chef ici.
3890	fra	J’ai tendance à regarder les images avant de lire le texte.
2162110	fra	Qu'as-tu reçu pour Noël ?
7534311	fra	Je peux vous dire où trouver Tom.
1586750	fra	Tes menaces ne me font pas du tout peur.
2417439	fra	J'ai songé que je pourrais te trouver là.
5226833	fra	Mon opinion diverge totalement de la tienne.
3852	fra	Ça me rend fou.
486937	fra	Cette plantureuse jeune femme me planta le talon de son stiletto dans le gros orteil, sous prétexte que j'avais été trop entreprenant.
786593	fra	J'abhorre ses blagues salaces.
5988289	fra	Je te souhaite une très bonne semaine.
484687	fra	Il dit qu'il voulait un peu d'argent.
1735811	fra	Je le verrai demain.
8237590	fra	Quelle est la meilleure façon de voyager ?
7148233	fra	Tom et Mary se marient lundi.
2773283	fra	C'est un énorme frelon qui a tué Tom.
2594113	fra	Je vous payerais volontiers.
4855388	fra	Tu ne comptes pas au nombre des suspects.
139038	fra	Il nous a été très difficile de rentrer au camp de base avec le blizzard.
2227182	fra	Tu es très chouette.
8673166	fra	Il a pêché une morue.
6396054	fra	Vous avez peut-être entendu parler de moi.
906321	fra	«Savais-tu que la fille du voisin est déjà mariée ?» «Pas possible ! Elle a seulement dix-huit ans !»
7647365	fra	Tom était en avion.
5455593	fra	Je crois qu'elle n'a reçu aucune réponse.
8735116	fra	Le suicide est dangereux.
1671592	fra	Ce n'est pas un lapin de six semaines.
1721709	fra	Être beau a aussi son revers.
2170345	fra	As-tu jamais vu l'homme sur cette photo ?
2990720	fra	Cette rue fait un kilomètre de long.
390097	fra	Je vous appellerai avant de vous rendre visite.
8626375	fra	Emmenez-moi loin d'ici.
3081581	fra	Tom demanda si quelqu'un parmi nous était capable de parler français.
1078018	fra	Tom dit qu'il mange plus quand il est triste.
928354	fra	Veuillez vous présenter à jeun pour la prise de sang !
1811073	fra	Il y a quelque chose qui cloche.
3364199	fra	Je prends la pilule.
2352796	fra	Les États-Unis n'ont gagné aucune guerre durant les dernières décennies, sauf celle de... Grenade.
3217890	fra	Je suis contente de vous aider.
6901991	fra	Tom a été très malheureux.
7700073	fra	Qui a répondu au téléphone ?
2534634	fra	Je ne pense pas que quiconque puisse actuellement m'aider.
5857632	fra	Elles étaient parfaites.
876947	fra	N'importe quel enfant peut faire cela.
2813151	fra	Non mais je déconne !
3193745	fra	Marie n'a pas les yeux en face des trous.
2862902	fra	Je ne suis pas spécialement difficile lorsqu’il s’agit de nourriture.
7703166	fra	Vas te coucher maintenant.
5349175	fra	Est-ce que tu écris en français ?
7099146	fra	Merci pour le gâteau.
365987	fra	Tu exagères vraiment de rentrer à cette heure.
3598819	fra	Je veux que vous et moi soyons heureuses.
940970	fra	Il semble que le chien veuille manger.
2024861	fra	D'une manière ou d'une autre, je savais que vous réussiriez.
2297129	fra	Je parie que tu te demandes comment ça marche.
8376407	fra	Je ne sais même pas comment ça s'appelle dans ma propre langue maternelle.
2180565	fra	Il m'aimait mais il ne m'aime plus.
6959994	fra	Déjeunons !
816421	fra	Mon ordinateur est infecté par BraveSentry.
8505214	fra	Une des miennes vaut dix des tiennes.
1809032	fra	Elle dit qu'elle y a trouvé beaucoup de plaisir.
1716940	fra	Merci d'avoir décoré ma maison !
8750856	fra	Tu vas lui manquer.
350260	fra	J'ai dormi toute la journée hier, parce que c'était dimanche.
5680652	fra	Tom a fermé la porte de sa chambre.
4827433	fra	Peut-être que vous devriez cesser de boire.
1913757	fra	Je ne les évacue pas.
7529656	fra	Mary a fait des cookies pour Tom.
479205	fra	« Comment ça va ? » « Pas trop mal. »
1928026	fra	Il y a une marge énorme sur les biens électroniques importés.
7410522	fra	Tout à l'heure, j'ai vu Tom filer à l'anglaise.
7724979	fra	Tom était comme un père pour Marie.
1388637	fra	C'est la terre de mes ancêtres que tu foules de tes pieds !
5352308	fra	De quoi as-tu peur au juste ?
488523	fra	Quelle est la meilleure façon de mettre fin à la guerre ?
2091427	fra	Tom n'abîmera pas ses vêtements.
7699738	fra	Notre économie a besoin de changements importants, qu'il s'agisse de politiciens de partis, d'acteurs sociaux, de militants, de clients, de bénéficiaires ou d'utilisateurs.
3668248	fra	Je ne porterai pas de cravate.
130674	fra	Il t'aime vraiment très fort.
1925728	fra	Je ne leur dis pas la vérité.
1492373	fra	Il nous remit juste une carte et courut en avant. Nous qui étions laissés en arrière, dûmes poursuivre avec juste la carte sur laquelle nous reposer.
4200218	fra	Tu laisses toujours la fenêtre ouverte quand tu dors.
2402363	fra	Tu es très religieux, n'est-ce pas ?
7563335	fra	Ce sont des lycéens.
2142580	fra	Je croyais avoir vu quelque chose.
2366404	fra	Vois-tu ta voiture ?
2370805	fra	Vous étiez aimés.
7705011	fra	Il y a un tapis à poils longs dans le salon.
8637827	fra	La compote est excellente !
3435943	fra	Pour profiter des articles spéciaux du site, tu dois adhérer au club.
1473803	fra	Respectez les majuscules et minuscules !
4425955	fra	L'idée ne m'enchante pas mais il nous faudra le laisser choisir son équipe.
8661061	fra	Ne la laisse pas ouvrir la porte.
7698010	fra	Le garçon était assis parmi les filles.
864382	fra	Quand nous allons visiter la France, nous avons besoin d'un visa.
3626364	fra	C'est si simple que même un enfant peut le faire.
6697271	fra	Tu ne vas pas te mettre à pleurer, si ?
1684856	fra	Tu hallucines complètement.
4593132	fra	Pourquoi voulez-vous faire ça ?
2312303	fra	J'ai eu un mouvement de recul.
7089189	fra	Je t'ai dit que ça arriverait.
8331170	fra	Il y a énormément de poissons dans cette rivière.
1973453	fra	Les thèmes favoris des contributeurs de phrases de Tatoeba sont la nourriture, les animaux et les études.
400316	fra	Dans ce cas, allons-y.
1367868	fra	Ça peut sembler fou, mais je crois que je suis encore amoureux de Marie.
6324224	fra	Bien mener sa barque, c'est savoir faire des pauses et sentir lorsqu'il faut s'arrêter.
4964206	fra	Qui crains-tu ?
2061281	fra	Où êtes-vous allées, exactement ?
885227	fra	Il retourna au Japon.
1612224	fra	Voici un fauteuil confortable dans lequel tu peux t'asseoir.
3741406	fra	La journée s’annonce chaude.
5389591	fra	Tom voudrait seulement savoir ce qu'il a fait de mal.
4596132	fra	Tu as été abusé.
5545307	fra	Je suis britannique.
8504496	fra	Peu importe, que ce soit court ou long.
8662962	fra	Remets tout en ordre !
7637349	fra	Tom se comporte comme s'il était le patron.
1688171	fra	Il sait que tu sais.
4883531	fra	Avez-vous déjà terminé les papiers ?
1490164	fra	Il est dans le train.
3794831	fra	Tom est en train d’écouter son iPod.
5364674	fra	Tom n'avait pas l'air aussi heureux que Mary.
14179	fra	Allô, le comptable est là ?
2390069	fra	Je prévois d'y être en personne.
2321749	fra	Elle a parlé avec la directrice de l'école.
134197	fra	C'est une fille si adorable !
1980709	fra	Je ne suis pas aussi grand que toi.
5318734	fra	Espèce d'enfoiré !
335185	fra	Un homme innocent a été arrêté par erreur.
969982	fra	Hier soir, j'ai partagé un taxi avec Paris Hilton.
2922096	fra	Je n'ai pas encore rangé ma chambre.
6736845	fra	Ne laisse pas le feu s'éteindre.
2442557	fra	Dans le sud de la France, on entend les gens dire « putain, con » à tout bout de champ.
5643897	fra	Je n'aime pas le gout que ça a.
4545297	fra	Peut-être suis-je allé un peu trop loin.
1385494	fra	Elle a suggéré que je me rende au magasin avec lui.
8717529	fra	Il n'aime pas aller à l'école.
2043721	fra	Nous sommes prêts à tout pour envoyer notre enfant dans une bonne université.
893871	fra	Mon but est de devenir docteur.
1833434	fra	Connais-tu ce garçon qui pleure, là ?
5302851	fra	Tu regardes ta belle tulipe.
2825074	fra	Tom s'est exprimé de manière claire.
6889094	fra	Tu n'y es pas autorisé.
3427881	fra	Aujourd'hui je n'ai pas envie d'étudier le français.
909728	fra	Mon frère ne l'aima pas depuis le début.
2318632	fra	C'est juste un développement de Taylor.
6203968	fra	Je refuse de ramper.
1632353	fra	La porte est en bois languetté sous peinture à l'émail satiné de ton lavande.
128254	fra	Après avoir dit cela à mon patron, je suis certain de perdre mon travail.
7960210	fra	Le garçon a cassé la vitre avec une balle de baseball le week-end dernier.
1716180	fra	Le garçon laissa sa place dans le bus au vieil homme.
5293271	fra	J'irai le mois prochain.
1923195	fra	Je crois qu'elle a 40 ans.
4548639	fra	Le réservoir est plein.
460653	fra	Y a-t-il de la place pour une personne de plus ?
1100354	fra	Où as-tu trouvé cette liste ?
6956890	fra	Je me demande ce que cela peut signifier.
12708	fra	J'ai peur de devoir partir maintenant.
5708645	fra	Le dîner était excellent.
943372	fra	Ne vous souciez pas du lendemain.
7352963	fra	Est-ce que la fumée te dérange ?
8897615	fra	Il s'est survendu, le jury n'a pas apprécié.
6618207	fra	Des Troyens cependant, fatigués par l'orage, / les cris impatients appellent le rivage, / et pour gagner la rive ils redoublent d'efforts.
350212	fra	As-tu pris ta température ?
7785765	fra	Je ne vais pas rester ici longtemps.
1846034	fra	Donnez-moi votre téléphone !
8900163	fra	Merci pour vos deux dons.
7086317	fra	Ils ont rendu hommage à Johnny Hallyday.
1640507	fra	Ce bateau mesurait dix mètres.
11409	fra	Pouvez-vous composter ce ticket de stationnement ?
1890484	fra	Elle me laissa les clés.
1060827	fra	Je ne l'aime que davantage pour ses défauts.
1078589	fra	Si tu partais, tout le monde irait avec toi.
7767205	fra	Tu nous as dit ce que nous ferons.
135146	fra	Je me brosse les dents deux fois par jour.
5291843	fra	Tu chantais une belle chanson.
337995	fra	Je lui demanderai s'il compte venir.
8709105	fra	Il n'y est pas allé.
5158294	fra	Faites-moi juste confiance !
5622709	fra	Il est capable de désespérer un espérantiste.
3675046	fra	Il est au travail en ce moment, mais sera de retour à sept heures.
6154907	fra	Malgré le fait que nous ayons travaillé dur, nous n'avons pas obtenu de bons résultats.
8315657	fra	Les traditions de cette ville sont étranges.
2164058	fra	Voici votre monnaie !
7785912	fra	Je n'ai pas envie d'être ici.
1044077	fra	As-tu entendu que tu-sais-qui a cartonné sa moto ?
6854	fra	J'ai entendu les nouvelles à la radio.
5558989	fra	Je m'inquiète de trop.
3053754	fra	C'est moi qui ai dissuadé Tom.
7610154	fra	Tom est mature.
8438357	fra	Comment oses-tu me dire ce genre de choses au lieu de balayer devant ta porte.
6968503	fra	L'infirmière a pris sa température.
1521151	fra	C'est obsolète.
4959208	fra	Tom ferait n'importe quoi pour sa sœur Mary.
8571722	fra	Il est environ cinq heures.
1776776	fra	Un artiste doit avoir un bon œil pour la couleur.
1502571	fra	Le singe saute de branche en branche.
7812120	fra	Je te conseille vivement de visiter Kyoto.
4238764	fra	Il habite à un jet de pierre de l'école.
2212746	fra	Pourquoi n'écoutez-vous pas ?
1684816	fra	J'ai foi en l'avenir.
3139273	fra	Tom perd la tête.
5685905	fra	Qui êtes-vous et que voulez-vous ?
8674138	fra	Elle est partie se balader je ne sais où.
1339806	fra	Ce verre est pour la maison.
4579648	fra	Tu peux t'asseoir ici.
3053825	fra	C'est moi qui ai travaillé dur.
5405904	fra	J'ai été bien éduquée.
2846668	fra	C'est ainsi qu'on arrive à des résultats.
348688	fra	Pour connaître un homme, il vous suffit de voyager avec lui pendant une semaine.
2216381	fra	Est-elle en train de me regarder ?
7968985	fra	Je pense que tout le monde doit faire des efforts pour sauver la nature.
2922407	fra	Je n'ai pas encore repeint la maison.
4696092	fra	Il ne cessa de pleurer.
6872227	fra	J'imprime 100 pages.
7414398	fra	Ils voulaient appeler leurs avocats.
5494788	fra	Je ne te laisserai pas mourir.
2415251	fra	J'ai eu du mal à résoudre le problème.
763561	fra	Les deux livres de Christophe Colomb, "Comment tuer un requin à mains nues pour les nuls" et "Les vingt manières d'étrangler un calmar géant" sont tous deux des best-sellers.
333387	fra	La police est à la recherche des biens volés depuis près d'un mois.
8444488	fra	Soyez prudent à l'avenir !
1327394	fra	Le dimanche, les magasins sont fermés.
7793988	fra	Le drapeau est très beau.
397305	fra	Il a sa propre maison.
458809	fra	Je me battais contre le sommeil.
5116720	fra	Est-ce que tu as encore besoin d'une couverture?
8800436	fra	Il l'a sans doute recrachée.
8146497	fra	Je ne vais pas à la piscine municipale, parce que je ne sais pas nager.
3991730	fra	Dan voulait beaucoup d'enfants.
6536134	fra	À quand remonte la dernière fois que tu as pris le métro ?
2095118	fra	Tout le monde se mit à applaudir.
5708671	fra	J'ai déménagé de chez mes parents pour vivre seul.
2567841	fra	Où sera Tom ?
2919721	fra	Elle a assoupli le règlement.
6297575	fra	Je n'invente rien!
8729697	fra	Cette route est ouverte quelques mois par an.
1838559	fra	Je serais ravi si vous pouviez vous joindre à nous pour déjeuner.
4607348	fra	Peux-tu lui répondre en finnois ?
7562600	fra	Tom perd ses cheveux.
819811	fra	Poisson d'avril !
429077	fra	Il s'est mis à pleuvoir.
5724909	fra	Je vais te dire une chose, Tom : tu as raison !
7562392	fra	Que préféreriez-vous faire, rester à regarder la télévision à la maison, ou sortir au cinéma ?
6061785	fra	Pourquoi ne m'as-tu pas avoué plus tôt que tu m'aimais ?
2142657	fra	Comment reformulerais-tu cette phrase pour la rendre plus naturelle ?
7160090	fra	Où est mon bonnet ?
4716382	fra	Tom va vous conduire à l'aéroport.
428234	fra	Je suis un héros.
3979011	fra	Êtes-vous décidées à faire affaire ?
5419869	fra	Est-ce que cela va changer ?
1959208	fra	D'abord ne pas nuire.
1072195	fra	Il va sans dire qu'Edmée n'en fout pas une.
7875035	fra	« D'où étaient originaires les Teutons ? » « Du Nord de l'Allemagne et du Danemark. »
338380	fra	La sécheresse conduisit à une pénurie de nourriture.
4320294	fra	Je partage son avis.
5726880	fra	Nous irons tous les deux.
1245659	fra	Elle ne parvenait pas à comprendre toute l'histoire.
1679261	fra	Je l'ai pris sur le fait.
1624955	fra	Nous avons fait un château de sable.
2383960	fra	J'aime ce livre.
2128517	fra	Il accroche son manteau derrière la porte.
5381712	fra	Ne sois pas si méfiante.
1476689	fra	Nous ne disposons pas de cela en Europe.
1578198	fra	Il m'a menacé, mais je n'ai pas eu peur.
8660984	fra	Il l'attend depuis une heure.
2505383	fra	La guerre est mauvaise en ce ce sens qu'elle rend davantage de gens méchants qu'elle n'en fait disparaître.
4692243	fra	J'étais tellement heureuse.
442675	fra	Allons au travail.
8313150	fra	Peux-tu mettre ce plat au micro-ondes ?
626321	fra	Je pars en vacances pour quelques jours.
4550743	fra	Vous étiez jaloux de moi.
3318481	fra	Je me demande quelle différence il y a entre un ami et un amoureux.
523347	fra	Ce soir, la lune est exceptionnellement belle.
5847847	fra	Tu commences à me taper sur les nerfs.
8641243	fra	Il t'en faut encore combien ?
1704123	fra	L'as-tu mesuré ?
7528122	fra	Je suis nue !
3441514	fra	Ma mère a toujours travaillé dur.
2328639	fra	Elle ne dort qu'environ cinq heures par nuit.
5416374	fra	Tu pourras me rapporter quelques oranges du supermarché, quand tu t'y rendras ?
7559	fra	J'ai joué au foot hier.
8111533	fra	La Kabylie est principalement montagneuse ce qui attire beaucoup de touristes.
5620051	fra	Nous avons notre propre façon de faire les choses.
2343439	fra	Il se rendait à vélo à la plage, chaque fin de semaine.
8672142	fra	La pomme est pour vous.
2100828	fra	Il a accompagné les enfants à l'école.
1453835	fra	C'est tout ce que nous savons.
451604	fra	L'attaque de l'ennemi prit fin à l'aube.
2597085	fra	J'en ai fini de t'écouter.
7064428	fra	Je veux vivre dans une petite municipalité.
6906629	fra	Je me serais noyé si vous ne m'aviez pas sauvé.
7698309	fra	La comédie inclut toujours une petite tragédie. C'est pour ça qu'il y a de tristes clowns.
7522366	fra	Nous n'avons jamais essayé de le faire de cette manière.
4882145	fra	Ce sont eux les Américains ?
6000379	fra	J'ai entendu qu'il était souffrant.
563229	fra	Vous avez tendance à parler trop rapidement.
1286632	fra	Tous le connaissent.
3572785	fra	N'en dis mot à personne !
139965	fra	Quelqu'un entra dans la pièce.
8641315	fra	Je dois d'abord faire un devis.
5391183	fra	C'est l'une de nos spécialités.
2460005	fra	Tu triches.
1612458	fra	Les entreprises sont moins loyales à l'égard de leurs salariés.
11509	fra	Je ne suis pas le seul à avoir cette opinion.
6046029	fra	Du reste, vous êtes la bienvenue.
2227184	fra	Tu es très gentille.
5419845	fra	L’œil humain est comme une caméra.
2186365	fra	J'adorerais faire sa connaissance.
1035514	fra	Ne te mêle pas de ses affaires si tu veux qu'il t'aime.
1652382	fra	Vous avez une amie canon.
4729681	fra	Ils sont sympa.
864923	fra	Il vécut simplement.
8663828	fra	Je ne m'attendais pas à rester ici tout l'après-midi.
1314975	fra	Faites ce qui vous chante !
1638790	fra	Il a eu une entrevue avec le Premier ministre.
5461611	fra	Tom savait que c'était mal de faire ce qu'il était en train de faire.
3597358	fra	Il y a une fuite de gaz.
851645	fra	Ce passage est le plus technique de ce morceau de piano. J'ai mis beaucoup de temps avant de savoir le jouer.
1314018	fra	Elle continua à travailler.
1914505	fra	Est-ce que tu vois le portrait ?
526219	fra	Mes amis me félicitèrent pour mon succès.
4236868	fra	Si tu veux rester ici, tu es bienvenu.
7290941	fra	Parles-tu tatar ?
1675640	fra	Mes vêtements sont là-bas.
928547	fra	À tes souhaits !
2024616	fra	C'est pourquoi je te dis que tu ne dois pas y aller seule.
2078297	fra	Il n'est pas jaloux.
2339133	fra	Nous ne connaissons pas du tout l'anglais.
3367	fra	La démocratie est la pire forme de gouvernement, mis à part toutes les autres que l'on a essayées.
1535061	fra	Tom s'est caché dans la penderie.
6774361	fra	Tom a besoin de réfléchir.
2371444	fra	Ils froissaient des feuilles.
7257763	fra	Je ne sais pas s’il ira au marché?
398045	fra	L'ours n'omit de chercher dans aucun endroit alors qu'il cherchait des insectes juteux.
6966841	fra	À qui d'autre m'en remettre ?
3899557	fra	Ta vie sexuelle n'en sera probablement pas bouleversée.
2337095	fra	Tu ne lis pas de livres en anglais.
1434643	fra	Où est le centre-ville ?
6794745	fra	Ma petite-fille écoute ma femme.
1137989	fra	De quoi parle-t-il ? Ça n'a simplement aucun sens.
5391136	fra	On dirait qu'ils s'amusent bien.
890099	fra	Ne le réveille pas.
4548350	fra	Est-ce éthique ?
821410	fra	La chirurgie plastique seule ne vous rendra pas moins laid.
8721344	fra	Il a encore soif.
3194598	fra	Les journaux ont fait leurs choux gras de l'évènement.
2102969	fra	Elle adorera Dieu.
1055244	fra	Toute femme qu'elle était, elle combattit bravement.
4592575	fra	Tu es vraiment grande.
1389811	fra	Pensez-vous que vous auriez plaisir à être renommé ?
8606494	fra	Vous interférez avec ma lecture.
5372880	fra	Avez vous déjà été hypnotisés ?
2383873	fra	J'aime ce que vous avez fait de cet endroit.
4276454	fra	Grâce à son expérience, il avait un avantage par rapport aux autres.
453253	fra	La vie est monotone dans un petit village.
4128741	fra	« Aki est absente aujourd'hui ? » « On dirait que son rhume a empiré. »
4591366	fra	Vous avez exhibé votre nouvelle voiture, n'est-ce pas ?
3210126	fra	Je suis le protagoniste.
2919312	fra	Tu avais tort.
1890403	fra	Êtes-vous jamais montée à cheval ?
8562813	fra	Je ne fais que resituer le débat.
128320	fra	Laissez-moi un mot.
8801029	fra	En vain, le jour succède au jour, ils glissent sans laisser de trace.
6395985	fra	Qui recommanderais-tu pour le travail ?
4470557	fra	Tom demanda combien le ticket coûtait.
7497795	fra	Voici mon frère et ma sœur, Tom et Mary.
439492	fra	J'ai commencé à pleurer.
6197326	fra	Que voulez-vous?
1863052	fra	Il est facile de répondre à la question.
6821989	fra	Tom a fichu ma vie en l'air.
1128899	fra	Ne savais-tu pas que le pétrole flotte sur l'eau ?
4580524	fra	Ne vous sentez pas insultés !
7938629	fra	Ciao, grand-père !
5764710	fra	C'est une de mes expressions préférées.
5799954	fra	Je te conseille de ne plus aider Tom.
1793211	fra	Il ne peut être sauvé.
3423607	fra	Nous nous ennuyons ici, sans toi !
7701685	fra	Tu as envie d'aller danser ?
6863850	fra	Vous ne pouvez pas y aller seule.
8742062	fra	Quelle est la recette ?
131062	fra	Il n'est pas qualifié pour ce poste.
8696054	fra	N'oublie pas de mettre un accent !
8834003	fra	Quand tu es venu, tu ne m'a pas trouvé.
8681872	fra	C'est terrible ce qu'il lui arrive !
1970245	fra	Son aide actuelle est Mademoiselle Nokami.
6059394	fra	L'intelligence se trouve dans la capacité à reconnaître les similitudes parmi différentes choses, et les différences entre des choses similaires.
2071689	fra	Que va-t-il se passer demain ?
8873715	fra	Tom a vendu sa vieille guitare.
1285016	fra	Elle lui cria de revenir, il ne s'arrêta pourtant pas, ni ne regarda en arrière, mais se sauva.
7888961	fra	« Tu as trop chaud ? » « Non, au contraire ! »
1144794	fra	Tom fit un câlin à Marie.
4960316	fra	Parlons avant de nous battre !
8847337	fra	Arrivés à la place des réunions, ils furent entourés par les gens.
2367855	fra	Quand avez-vous tous deux commencé à sortir ensemble ?
7699026	fra	Un homme parfaitement bon ne servirait à rien pour rien.
2927708	fra	Ma mère me dit d'aller me coucher à dix heures quand j'ai école le lendemain.
1936264	fra	Mon amie m'a aidé.
4540753	fra	À quelle fréquence te rases-tu ?
1238403	fra	L'espéranto, c'est bath !
1147278	fra	Oui, elle est à la maison.
2069658	fra	J'espère que ça ne vous ennuie pas.
2436672	fra	Quelle est leur histoire ?
7489645	fra	Ne l’écoute pas.
7839994	fra	Il me faut dire non.
3350583	fra	Celle-ci est une lettre de mon ami.
1911645	fra	Comment payerez-vous tes dettes ?
8496301	fra	Dis-moi quelle est ton adresse.
4728354	fra	Tom est futé.
6578545	fra	Ce n'est absolument pas inhabituel.
7166381	fra	A vos marques, prêts... partez !
1129572	fra	Quel est ton restaurant de restauration rapide préféré?
1487925	fra	Elle s'est présentée dans le parc à l'heure convenue.
4867349	fra	Sors-moi ce chat d'ici.
130779	fra	Il est très doué pour jouer du violon.
572681	fra	Cela fait presque déjà dix ans, mais tu es toujours aussi beau.
4737322	fra	Bon, il faut que j'y aille, à plus!
2035713	fra	Vous êtes arrivées là-bas avant elle.
8302097	fra	J'ai bien peur que tu ne m'aies pas compris. Je ne veux pas être seul avec toi. Je veux juste être seul.
3961523	fra	Posez-vous cette question à chaque nouvel employé ?
4626885	fra	S'agit-il d'un problème ?
1847507	fra	Qu'aimeriez-vous ?
7491757	fra	Tu parles aussi allemand ? J'en suis très content ! Où as-tu donc appris ça ?
7135932	fra	« Redonne-moi mon livre ! » — « Quel livre ? »
8741553	fra	Que mange un castor ?
7416297	fra	As-tu invité Tom ?
6461675	fra	Sami pense être doté de pouvoirs magiques.
4188682	fra	J'ai eu une journée vraiment bizarre.
575169	fra	Personne ne savait où elle était.
5493403	fra	Les gens sont sympathiques ici.
6546351	fra	Il est chouette, ton costume.
5292287	fra	Je regarderai des belles fleurs.
2918395	fra	Nous nous sommes abaissés.
8514980	fra	L'animal national de l'Écosse est la licorne.
2565329	fra	Elles défiguraient leurs adversaires.
2105168	fra	Je cherche mon portefeuille. L'as-tu vu ?
1330343	fra	Me rendriez-vous un service ?
2222109	fra	Cette année, la Saint-Valentin tombe un jeudi.
133263	fra	Il ne sait pas ce que c'est que d'être pauvre.
1589865	fra	Souviens-toi de ces règles.
5249687	fra	Elle mange du chocolat chaque jour.
3282921	fra	Elle est autant coupable que lui.
12141	fra	Beaucoup de passagers furent blessés dans l'accident.
397030	fra	La porte du bureau est jaune.
7850414	fra	Tom a déjà mangé à l'auberge.
992304	fra	Il ne sait pas encore un mot de catéchisme. Je ne sais vraiment pas comment nous lui ferons faire sa première communion.
970116	fra	Cet été nous avons eu un nombre inhabituel de précipitations.
960997	fra	J'ai perdu un peu de poids.
2340841	fra	Ils ne se souviennent pas avoir éteint la lumière.
2158217	fra	Sa capacité d'écrire du pied est étonnante.
5209788	fra	L'espéranto n'a pas d'exceptions, il est donc agréable à étudier.
6877556	fra	Tante Marie as-tu du chocolat ?
3335408	fra	C'est chaud boulette !
1991073	fra	Les parents de Tom sont tous les deux des assassins.
2846196	fra	Après que tous les invités furent partis, les deux ministres eurent un entretien en privé.
3093760	fra	C'est faux. C'est archifaux.
8518803	fra	C'est un chemin plus rapide.
1056615	fra	Il faudra une heure pour y arriver.
846985	fra	Sur le panneau est indiqué : "Danger ! 10 000 volts".
460139	fra	Je lave la chemise.
4959726	fra	Vous êtes toujours cordialement bienvenus parmi nous.
1367475	fra	J'aime les châtaignes grillées.
888913	fra	Marie est jolie. Jane aussi.
457215	fra	Le monde actuel doit son confort au pétrole.
538978	fra	Elle a vraiment besoin de partir loin, de changer d’air pour quelque temps !
7550649	fra	Comment peux-tu être sûr que ce soit vrai ?
5299514	fra	Tu es pathétique.
15358	fra	Il s'est marié avec une jolie fille.
1361700	fra	Écrivez une phrase avec trois verbes.
2747216	fra	Tout citoyen de Russie n'est pas nécessairement un Russe.
6468927	fra	Marie habite au-dessus de notre voisin.
2534870	fra	À quelle heure finit ton cours ?
1178296	fra	La physiologie présente un mélange de phénomènes mécaniques et de phénomènes vitaux.
1585220	fra	J'étais très déçu de voir notre équipe nationale de foot subir une défaite historique.
6934094	fra	En peu de temps parfois on fait bien du chemin.
8274035	fra	J'avoue ne pas saisir le sens de ta question.
6843551	fra	Puis-je vous parler en privé une seconde ?
5920449	fra	Les avez-vous envoyés ?
2289043	fra	Vous étiez en train de mourir mais le toubib vous a sauvé la vie.
3830	fra	J'étais en retard à l'école.
415957	fra	Tu vas aimer ce genre de musique.
6821550	fra	Une chose ratée est une chose qui n'est pas encore réussie.
333831	fra	Nous espérons inviter Peter au Japon dans un futur proche.
5364339	fra	Tom est sourd.
799146	fra	L'exposition a grandement attiré l'attention du public.
2103295	fra	Il a accueilli les invités.
4864813	fra	Nous sommes tous ici.
8620571	fra	Nous devions accepter leurs conditions.
1950980	fra	Pourquoi leur parler dans une langue qu'ils ne comprennent pas dans leur propre pays ? Pourquoi n'apprends-tu pas leur langue ?
822399	fra	Sans travail, je ne peux pas économiser de l'argent.
503549	fra	Allons traîner dans notre repaire.
6159584	fra	Cher ami, je ne vous crois pas.
553040	fra	Il implora sa mère de le laisser aller à la fête.
809018	fra	Couvrez les blancs de poulet de farine.
3367574	fra	Il parle souvent à tort et à travers.
6591478	fra	Ces ciseaux ne conviennent pas pour couper les cheveux.
2531981	fra	Pour réparer mon horloge, ça me coûte 50 Dollars.
6204080	fra	Je refuse de rougir.
2417329	fra	Et s'il dit non ?
1973613	fra	Ils n'ont pu trouver le problème.
6006233	fra	Cet endroit est vraiment venteux.
6513	fra	Je ne suis pas occupé aujourd'hui.
6716691	fra	Le meilleur médicament psychotrope est la vérité.
500225	fra	Je me suis réveillée à six heures ce matin.
695249	fra	Je sais si c'est un ennemi ou pas.
3453047	fra	Tu sais t'y prendre pour te rendre irrésistible.
806526	fra	Elle ne pouvait pas le regarder en face.
8587031	fra	Malgré ses défauts, je l'aime.
1939192	fra	Personne que je connaisse n'y va plus.
6373734	fra	Elles étaient mortes.
2219267	fra	Rentrez votre chemise dans votre pantalon !
11269	fra	J'aimerais essayer cette robe.
2228715	fra	Tu es très curieuse.
3833632	fra	Ne me parlez pas de cette façon.
6770157	fra	Tu ressembles à la femme de Tom.
1741072	fra	Il m'a raccompagné chez moi en voiture.
2103322	fra	Elle n'a pas accueilli les invités.
1658016	fra	Je le fis pleurer.
1149227	fra	Je t'écrirai la semaine qui vient.
1403261	fra	J'arrive encore à me rappeler le temps où nous sommes allées en pique-nique ensemble.
922457	fra	Elle se débrouilla finalement pour entrer en contact avec son vieil ami.
1726522	fra	On dit qu'il est très pauvre.
1272733	fra	Ce n'est pas une grande chambre, mais elle est jolie.
3653191	fra	Y a-t-il suffisamment de sauce ?
5833150	fra	Si tu parles en français, je ne comprendrai pas.
1335973	fra	Où puis-je acheter un billet ?
8107381	fra	Qu'est-ce que tu aurais fait à ma place ?
2445341	fra	Cet amour n’en finit jamais.
2323599	fra	Nous avons dormi dans le train.
5544477	fra	Tom s'efforça de dissuader Marie d'aller à la police.
3079286	fra	J'aime causer.
870682	fra	Ce luxe ostentatoire est l'apanage de quelques nantis.
8727573	fra	Parlez-vous picard ?
5763859	fra	L'ancien bureau était moins illuminé.
7702109	fra	Le soleil a coulé derrière une montagne.
5249482	fra	Quel pain tu manges ?
2513939	fra	Aujourd'hui, nos satellites artificiels tournent autour de la Terre.
4355	fra	Ah ! Si j'étais riche, je m'achèterais une maison en Espagne.
4614395	fra	À qui parle Tom ?
4230577	fra	Tu ne seras plus jamais tout seul.
2288789	fra	Tu ne t'en iras pas, si ?
6389582	fra	Il n'y avait rien d'autre qu'un vieux fauteuil dans la pièce.
9428	fra	L'école commence à huit heures et demie.
831238	fra	Le Ministre-Président devait démissionner.
6587527	fra	Où est ton billet d'avion ?
2501749	fra	Le médecin a dit à Tom qu'il ne lui reste plus que six mois à vivre.
4181026	fra	Il a fermé la porte et il est monté au premier étage.
6386063	fra	Pourquoi « front yard » s'écrit en deux mots, et « backyard » en un seul ?
4873867	fra	Elle n'a jamais rien dit au sujet de cela.
1663729	fra	Tu le fais correctement.
4737362	fra	Encore trois mois avant octobre.
2046356	fra	Tu ne lis pas la presse à scandale ?
5681801	fra	J'écris le russe mieux que je ne le parle.
3501267	fra	Pourquoi m'as-tu quittée ?
5800814	fra	Je pensais que Tom était l'un d'eux.
8302954	fra	J'acquerrai cette ancienne horloge, peu importe le prix.
3411942	fra	De quoi tirez-vous fierté ?
3879724	fra	Tu as déjà détruit ma carrière et ma réputation. Que veux-tu de plus?
801691	fra	Le juge s'est démis de l'affaire pour cause de conflit d'intérêt.
7680	fra	Pour autant que je sache, il n'a jamais fait une telle erreur.
7242719	fra	Je ne me battrai pas avec toi.
1614316	fra	Ce fut une décision hardie.
5578731	fra	Je ne me sens pas reconnu.
2590492	fra	Je me demande si vous nous aideriez.
4718635	fra	Ce n'est qu'un ami.
8659178	fra	J'enseigne le vieil anglais.
4563088	fra	C'est comme l'un de ceux-là.
958360	fra	Qu'est-ce qu'USB veut dire ?
2081930	fra	Collectionnez des phrases, pas des armes ! Au pire, vos enfants se les enverront à la figure.
7754939	fra	Il n'y a pas de médicaments contre le virus.
790306	fra	Elle a commandé le livre depuis Londres.
801579	fra	L'économie brésilienne croit à pas de géant.
4946552	fra	Je suis un traducteur engagé, pas un tube digestif qui mange et chie.
4223995	fra	Je les ai surprises.
2859881	fra	Quel est le nom du chien de Tom ?
4200992	fra	Elles lui ont demandé d'ouvrir la fenêtre.
2916193	fra	Il alourdissait les sacs de sable.
7547290	fra	Tous les mercredis nous allons au parc.
4835771	fra	Voyez-vous un inconvénient à ce que j'ouvre la fenêtre ?
5311590	fra	Je n'ai pas écrit cette lettre.
1688973	fra	Il y a des dangers qui menacent aussi bien les hommes que les femmes.
4293888	fra	Tu aurais dû les appeler.
6219668	fra	Ô rage ! Ô désespoir ! Ô vieillesse ennemie ! N'ai-je donc tant vécu que pour cette infamie ?
4696234	fra	Quand y est-il allé ?
2286162	fra	Tom a peur des chiens.
5777958	fra	La femme de Tom le quitta.
2212946	fra	Je chargeais la marchandise.
5655776	fra	Ça a marché ?
4239726	fra	La tentative échoua.
1011385	fra	Il fit ce dont je le chargeai.
4470852	fra	Appuyez sur n'importe quelle touche pour continuer.
1371238	fra	Nous avons utilisé les ressources terrestres comme ci elles étaient illimitées.
4779569	fra	Pouvons-nous remettre ?
12567	fra	Quelqu'un joue du piano.
8313014	fra	Tu as cassé ta clé dans la serrure.
4110647	fra	Es-tu en train de m'imiter ?
1294347	fra	Celui qui lutte contre les monstres doit veiller à ne pas le devenir lui-même. Or, quand on regarde trop longtemps au fond d'un abîme, l'abîme, lui aussi, vous regarde.
955499	fra	Le candidat républicain a gagné l'élection.
2077195	fra	Ils étaient jaloux.
1353115	fra	Ne la laisse pas sortir après la tombée de la nuit.
1949227	fra	Il a un nom commun.
2490600	fra	Grand bien te fasse !
6947774	fra	Les hommes sont tourmentés par les opinions des choses, non par les choses mêmes.
536383	fra	Les cheveux de mon père blanchissent.
2932901	fra	Il a échoué.
801683	fra	Le président veut redémarrer l'économie stagnante en réduisant les impôts.
128574	fra	Mon cœur est douloureux.
3761757	fra	Les chauves-souris emploient l'écho-localisation.
9188	fra	Un professeur ne devrait jamais rire des erreurs de ses étudiants.
4551925	fra	Personne ne veut être pauvre, dans mon pays.
2349173	fra	Vous est-il permis d'y aller ?
1134833	fra	Elle a trahi sa cachette à la police.
2211582	fra	Je perdais mes clés.
6614242	fra	Je ne dors jamais plus de six heures.
4654355	fra	Je suis tellement content que tu sois là.
455709	fra	Muiriel est une Indienne.
7669365	fra	Je veux manger ça.
8316300	fra	Ma bicyclette est rouge.
1491188	fra	Depuis hier, il est affecté au contrôle.
8359158	fra	Quant à moi, j’y suis indifférent.
1501971	fra	Ce film n'est pas aussi intéressant que l'original.
1391199	fra	Je ne devrais pas avoir à vous dire de faire vos devoirs.
1341666	fra	Elle lui a rendu visite une fois par an.
5484476	fra	Qui est-ce que vous connaissez ici ?
390602	fra	Fumeur ou non-fumeur ?
7199193	fra	Le chien trouve qu'il fait un temps de chien et préfère rester à l'intérieur auprès des siens.
959565	fra	Vous ne devriez pas laisser votre petite amie emprunter votre iPhone.
1077119	fra	On dirait que ce soir on va faire des heures supplémentaires jusque très tard.
3884713	fra	Qu'est-ce qui vous fait penser que nous détenons un secret ?
9654	fra	Combien de fois dois-tu aller voir le dentiste ?
4080499	fra	Tom est assis derrière Marie en cours de français.
5364583	fra	Arrête de parler de Tom.
5651054	fra	Des enfants ont fait irruption dans la maison de Tom et l'ont saccagé.
806491	fra	La troupe continua à défendre la position.
6380811	fra	J'ai décidé d'accepter l'offre d'emploi.
5983590	fra	La Hongrie est un état situé en Europe centrale.
1704247	fra	Elles proviennent du même village.
4039512	fra	Est-ce que tu sais compter en Italien ?
5740977	fra	Un seul homme a survécu.
1182026	fra	Il est capable d'oublier le nom des gens.
1404886	fra	Vois-tu ce que je veux dire ?
2462360	fra	Je suis bien content que « brol » soit enfin rentré dans le Robert : c'est un de mes mots belges préférés !
6772549	fra	J'ai convaincu Tom sans effort.
4704992	fra	Une carte d'identité en règle est requise.
8602444	fra	Je ne les ai pas informés.
5305024	fra	Tom a essayé de partir.
133301	fra	Il la regarda avec colère.
1495140	fra	Je veux que tu viennes avec moi.
4711021	fra	Il s'est porté volontaire pour l'aider.
8436915	fra	L'étudiant s'est efforcé d'atteindre l'excellence.
1636454	fra	Que dois-je faire maintenant ?
1058629	fra	Il a une bonne mémoire.
2417423	fra	Je me suis imaginée que j'avais assez d'argent.
5951319	fra	Nous nous sommes reposés un moment.
1697267	fra	Tom ne voulait pas faire quelque chose qu'il regretterait.
1421779	fra	Le contrat a pris fin le mois dernier.
1225200	fra	Je vais nager chaque jour.
4511804	fra	Elles sont accros à la télé.
6206202	fra	La meilleure vengeance est de ne pas être comme ton ennemi.
7702161	fra	Mary l'a embrassé sur la bouche.
8659328	fra	Le poisson coûte cher.
7448985	fra	J'ai trouvé ton portefeuille derrière le canapé.
4593229	fra	Nous voudrions voir M. Kosugi.
3685664	fra	Vous êtes un prisonnier.
1703571	fra	Sais-tu, il y a encore un point que je voulais discuter avec toi : comment pouvons-nous insuffler un nouvel élan à notre vie amoureuse ?
5504951	fra	Est-ce ta petite copine ?
4591262	fra	Ils lui ont donné la voiture.
7702009	fra	La fille l'aime.
3673155	fra	J'étais à Paris avec mon époux.
4180823	fra	Je veux que Tom aille à l'étage.
1123801	fra	Le lac est plein de poissons.
1007498	fra	Si j'avais pris la clef, je ne serais pas debout derrière la porte.
180333	fra	Dépêche-toi, Martin - nous sommes déjà bien en retard !
1683238	fra	En gros, c'est ça.
5663029	fra	Tom méprise les gens qui fument.
2390128	fra	J'ouvris le tiroir.
330925	fra	À ce que l'on raconte, il n'avait vraiment rien à voir avec ça.
2169660	fra	Cela fait déjà deux ans que je suis ici.
6845456	fra	Je suis toujours amoureux de Mary.
2124344	fra	Le professeur Smith est apprécié de tous ses étudiants.
8737	fra	D'un point de vue strictement scientifique, l'histoire ne peut être appelée une science.
897922	fra	La maison nécessite des réparations.
1624974	fra	Il n'y aura pas de prochaine fois.
5246716	fra	Jean mange ton chocolat.
4036	fra	Gonzales offre un vélo à tous ses employés en Europe.
3095	fra	Aujourd'hui nous sommes le 18 juin et c'est l'anniversaire de Muiriel !
1019281	fra	Je me sens bizarre aujourd'hui et je ne comprends pas pourquoi.
478898	fra	Je ne sais pas où il réside.
7280652	fra	Sami travaillait dans la boutique de souvenirs du musée.
8391329	fra	Qu'as-tu pris comme décision ?
2415992	fra	Je suis en train d'écluser la bouteille.
839096	fra	Roulez la pâte en un rectangle.
1806868	fra	Votre sourire me plaît.
4546656	fra	J'ai survécu.
6947458	fra	Mon opinion est qu'il se faut prêter à autrui et ne se donner qu'à soi même.
2316338	fra	Je ne sais pas où je commencerais.
1291015	fra	Je dis que je ne suis pas coupable.
7785832	fra	Je suis venu ici pour vous rencontrer.
374631	fra	Ça alors !
797469	fra	Me voici pauvre fou maintenant et pas plus sage qu'auparavant.
1915342	fra	Je ne les gâte pas.
4889997	fra	Selon mon avis, l'accentuation porte sur la séparation écrite de «  voir ».
1187801	fra	Je soupçonne que c'est un taxi illégal.
7689075	fra	C'est tout ce que nous offrons.
434112	fra	Lao Gan Ma et moi, nous avons une relation d'amour-haine.
6966303	fra	Ce n'est pas le sien.
6972576	fra	Tom s'est acheté une maison avec une superbe vue sur la mer.
3627421	fra	Où est le bureau d'information ?
3287942	fra	A-t-on idée de s'agiter ainsi ?
1645962	fra	J'aimerais parler au directeur de l’hôtel.
1679267	fra	C'était fait main.
2899172	fra	Nous pouvons obtenir ce que nous voulons sans ton aide.
7794649	fra	Ohé, il y a quelqu'un ici ?
4801723	fra	Nous avons vraiment de la chance.
2341660	fra	Il était presque midi lorsqu'elle s'est réveillée.
5437388	fra	Si vous pouviez dire à votre mari d'éviter de mettre le volume de la radio à fond quand il jardine le dimanche matin, j'en serais heureux.
8473285	fra	Il n'est pas aussi intelligent que mon frère.
7028862	fra	J'ai appris à monter sur un vélo à six ans.
3602582	fra	Ce que vous êtes en train de faire me rend nerveux.
3643056	fra	Ne lâchez pas ! Tenez bon !
8758239	fra	Je suis coincé dans la circulation.
2938233	fra	Elles s'inclinaient.
6888228	fra	Tom ne sera pas content de te voir.
7690837	fra	Dan a réalisé que Linda respirait encore.
127520	fra	Je l'ai rencontrée en allant à l'école.
1706771	fra	Il força la serrure.
1056598	fra	S'il ne vient pas, que feras-tu ?
1947553	fra	Je ne veux pas m'arrêter.
1205251	fra	Est-ce que la pluie s'est arrêtée ?
2922912	fra	Elles ont dormi.
2285543	fra	Vous avez dit que vous ne vous en souciiez pas.
8444022	fra	Nous avons pris un bateau vers l'île.
5143135	fra	J'éprouvais des difficultés à me concentrer.
747869	fra	En l'espace de quelques heures, l'armée s'est rendue maîtresse du pays.
135052	fra	J'ai trouvé ma mère occupée à repasser quelques chemises.
1084023	fra	Sur l'autoroute, vous payez au péage.
8679905	fra	Tom est concentré.
623114	fra	La vie est souvent comparée à un voyage.
9427	fra	L'école débute le 8 avril.
5449233	fra	Qui a de la chance au jeu a aussi de l'argent pour l'amour.
2291790	fra	J'ignorais que tu savais conduire.
236751	fra	Peux-tu allumer la télévision ?
1274658	fra	Je te laisserai en décider.
130178	fra	Ses pantalons sont tout froissés.
4069870	fra	Linda va résoudre ça.
3924384	fra	As-tu donné la clef à Tom ?
882687	fra	Si tu veux que les gens croient que tu as changé d'opinion, il faut le leur signifier !
8738738	fra	La Colombie est un très beau pays.
5002509	fra	L’être qui ne fait que sentir, ne pense pas encore, et l’être qui pense sent toujours.
5680341	fra	Je ne lèverai pas le petit doigt.
4856950	fra	Je ne suis pas très organisée.
8450606	fra	Vous n'avez pas été bon.
2316197	fra	Tu n'as pas eu le temps pour finir ton rapport.
549515	fra	Me trompé-je ?
5407226	fra	Quand êtes-vous arrivée à Boston ?
128218	fra	Je m'excuse d'indiquer que votre calcul est faux.
2219657	fra	Les gens parleront.
1564172	fra	Montre-moi ta langue.
2277717	fra	Donne-moi du mou !
1495609	fra	Cette fille fait semblant de savoir le français.
2444112	fra	J'espère que tu as apprécié ton voyage.
6777613	fra	C'est une mélodie qui se retient.
1159228	fra	Quelle est la cause ?
3981745	fra	J'admets que j'ai déjà oublié ce que je voulais dire.
1353506	fra	Tout à coup, son sang n'a fait qu'un tour.
6380844	fra	Vous ne pouvez pas croire ce type.
1777290	fra	Il se trouvait au bon endroit au bon moment.
1366857	fra	Elle gara sa voiture sur une place libre.
2003829	fra	On m'a demandé de réparer le vélo.
1199097	fra	Un rat a traversé le chemin.
3819	fra	Un petit feu de forêt peut facilement se répandre et rapidement devenir un grand incendie.
