6201292	ita	Trascino.
3339524	ita	Lui si è arrabbiato con suo fratello.
7655038	ita	Non vai a costruire birrerie in Argentina.
7370249	ita	Non penso che Tom sia ambidestro.
8733925	ita	Non è probabile che lo faccia, vero?
6687161	ita	Non lasciarlo entrare in questa stanza.
3864207	ita	Tornerei all'osteria solo per quel tortino.
3417801	ita	Tom è quasi alto come lei.
5634631	ita	Lui vive in due case.
5198729	ita	Mi dispiace, devo andare.
5330201	ita	Ero tentato di andare a casa presto.
7609503	ita	Vanno a fare affari in Russia?
8629629	ita	È un bravo cantante, vero?
4086091	ita	Lui ti sta per cavare gli occhi!
5338347	ita	Stanotte potrebbe essere la notte.
6015591	ita	Questa è una mia foto.
1669719	ita	John ha due anni in meno di me.
7649801	ita	Non va a costruire moschee in Giappone.
3514119	ita	Semplicemente non succederà mai.
3173963	ita	Il problema è il corso.
6762516	ita	"Dove andrete per lavoro?" "In Slovenia."
7617372	ita	Non vanno a costruire scuole in Bulgaria?
7601426	ita	Non vado a cercare qualcosa in Austria?
4654605	ita	Perché Tom non è a scuola?
2970942	ita	Tom deve arrivare oggi.
7642972	ita	Vado a costruire allevamenti in Belgio?
8857540	ita	Non può continuare.
6569563	ita	Quanti regali di Natale ha dato quest'anno?
2773229	ita	Vorreste un altro biscotto?
5609032	ita	Metto le scarpe.
2682910	ita	Mia figlia diventerà maggiorenne quest'anno.
2564967	ita	Io sono diverso ora.
7606763	ita	Non vado a fare amicizie in Albania.
3570591	ita	Ma avete davvero un bel modo di ragionare!
3502776	ita	Lo sanno anche i bambini che non si divideranno.
7598981	ita	Va a insegnare qualcosa in Inghilterra.
2556151	ita	Io ero a piedi nudi.
4158403	ita	Sappiamo poco sulla sua vita personale.
4172999	ita	Loro la stanno aspettando.
7621529	ita	Non va a costruire fabbriche in Bulgaria?
6720689	ita	Abbiamo il passaporto messicano?
7571343	ita	Penso che non andranno in vacanza in Italia.
5088340	ita	Non capisci cosa intendevo dire.
2084420	ita	Io pensavo che Tom fosse nei guai.
6557009	ita	Le perdite erano inevitabili.
5611833	ita	Non facciamo molta pratica.
7608757	ita	Andate a fare affari in Sudafrica.
3499670	ita	Non te lo posso dire.
5443051	ita	Se vuoi, parliamo dopo le sei di sera.
5247977	ita	Stai ancora lavorando con loro?
5492645	ita	Dov'è mio fratello?
6067671	ita	Garantirò per voi.
5678857	ita	C'è sempre un'interfaccia online.
6103452	ita	Mi entrò del sapone negli occhi.
4414101	ita	Quelli non sono i tuoi genitori?
8501175	ita	Non era sicuro.
7049558	ita	Tom è molto assonnato, vero?
7642589	ita	Non vado a costruire allevamenti in Egitto.
7651493	ita	Vado a costruire sinagoghe in Svezia?
5997187	ita	Stavamo parlando di voi.
7205464	ita	Sami aveva due lezioni venerdì.
5447622	ita	È perfino inutile provarci.
7004818	ita	Incredibile, ma lei ce l'ha fatta!
5204267	ita	Tom non dovrà lavorare qui.
8649110	ita	Molta gente partecipò al funerale di Tom.
3899148	ita	Tom disse che non voleva perdere tempo a litigare.
4796046	ita	Vi sto parlando da amico.
7614569	ita	Vado a costruire ospedali in India.
1301413	ita	Noi contiamo di invitare sia Tom che Mary.
421384	ita	Possiamo registrare il passato e il presente.
5640086	ita	La moglie di mio padre è mia madre e la nonna dei miei figli.
5774261	ita	Io penso di essermi persa.
7652177	ita	Non vanno a costruire sinagoghe in Bangladesh?
1949128	ita	Tutti sanno che lei è ricca.
3551694	ita	Allora hai copiato senza capire!
4395271	ita	Siamo state derubate.
3528148	ita	Di' a Tom che devo lavorare fino a tardi stasera.
7657235	ita	Non va a costruire banche in Bielorussia?
6923239	ita	Tom è difficile da sorprendere.
2688359	ita	Collezioni ancora dei francobolli?
3862545	ita	Lui l'ha spiegata.
1184972	ita	Ho una bicicletta.
3672793	ita	Andiamo poco lontano?
1508050	ita	La sua auto nuova è fantastica.
5411999	ita	Qui in estate c'è molto umido.
3101826	ita	Lui non aveva abbastanza soldi per andare a casa in treno.
5357028	ita	Noi abbiamo ordinato una pizza.
7629787	ita	Non vai a costruire cimiteri in Cile.
2555656	ita	Io sono vivace.
763698	ita	L'eccesso di offerta porta a un calo dei prezzi.
6163732	ita	Lui non è sulle liste.
4617645	ita	Come posso aiutare Tom?
7097048	ita	Gli agnelli sono molto carini.
1964047	ita	Che tipo di nave è quella?
6735758	ita	Non vanno in vacanza in Svizzera?
7601353	ita	Vanno a cercare qualcosa in Danimarca?
2168344	ita	Loro non hanno specificato l'anno.
6612038	ita	Tom e Mary dissero che a loro stava piacendo la festa.
1538324	ita	Io non ero nemmeno nata.
6200932	ita	Portiamoli a letto.
4462285	ita	Io penso che farò colazione.
3406493	ita	Non voglio avere nulla a che fare con te.
3840947	ita	Nemmeno i miei amici conoscono il mio vero nome.
7652521	ita	Vanno a costruire templi negli Stati Uniti.
4589674	ita	Loro insegnano.
1155648	ita	Tom e Mary si sono sposati in una chiesa non troppo lontano da qui.
5544395	ita	Nessuno vi riconoscerà.
3845259	ita	Purtroppo è quasi fondamentale specificarlo.
3133501	ita	Lei avrebbe voluto una vita più rilassante, ma era impossibile, date le circostanze.
2966169	ita	Acchiappi Tom.
7640499	ita	Non vai a costruire ristoranti in Lituania?
3559263	ita	Io promisi a Tom che non lo avremmo fatto.
6609696	ita	A me piace dipingere.
5525132	ita	Non l'ho sentita entrare.
6988234	ita	Non vogliono andare in Inghilterra?
7423598	ita	Per lavoro vado in Australia.
4206162	ita	Il maiale in alcune culture è un animale sacro.
8859492	ita	Non ero sarcastica.
4557220	ita	Iniziate.
4727353	ita	È da sentire assolutamente!
6747631	ita	"Di che nazionalità sono le nostre madri?" "Irlandese."
7659422	ita	Vai a costruire arene in Danimarca.
6201935	ita	Tom puzzerà.
6866689	ita	Pensa che Tom sia affidabile?
5764287	ita	Tom venne a Boston per affari.
5376813	ita	Eravamo molto occupate.
2068202	ita	Noi dobbiamo fermare questo pericoloso contagio.
5015969	ita	Tom si svegliò all'alba.
6821393	ita	Non ho detto a Tom che Mary era qui.
3338177	ita	Mi dispiace, hai preso un brutto voto.
4847544	ita	Mara è una mia vecchia amica: mi ha telefonato domenica.
3144692	ita	Questo è quello che avrei detto.
7572726	ita	Penso che andrete per svago in Italia.
3558130	ita	Magari sarà solo intenzionato a fare una donazione.
7693646	ita	Lei è così stupido a volte.
2364565	ita	La fabbrica produceva dieci articoli finiti all'ora.
3020500	ita	Con la ricerca dell'anonimato si ha una perdita dell'io.
3244579	ita	Ha stimolato la mia fantasia.
7027461	ita	Tom era malato ieri.
7565772	ita	Lunedì facciamo inglese?
3657120	ita	Il processo è solo l'inizio.
7265440	ita	Lei pensa che Tom sia davvero dispiaciuto?
4366063	ita	Siamo egoisti.
7605363	ita	Non vai a fare carriera in Francia.
3282274	ita	Ero sufficientemente stupida per credere a Tom.
6723553	ita	Non hai mai visitato il Giappone?
5040998	ita	Perché utilizza Tatoeba?
3922104	ita	Ha esalato il suo ultimo respiro.
4845152	ita	Ken è uno studente avido.
4558348	ita	Voi pensate che Tom verrà licenziato?
2894282	ita	Io sto provando a consolarla.
3408440	ita	Hai mai sentito parlare di Nessie?
6756349	ita	"Di che nazionalità sono le vostre studentesse?" "Brasiliana."
7649755	ita	Non vai a costruire moschee in Niger.
7046628	ita	Non voglio ritornare a Boston.
4996564	ita	Nessuno mi ha mai dato del denaro prima.
3281202	ita	Ha ucciso il ratto con un bastone.
3965176	ita	Adesso capite?
3265051	ita	È stata la mia peggiore esperienza di viaggio di sempre.
2918257	ita	Lei è mai andata a Parigi?
2885435	ita	Su cosa la fai?
3485326	ita	Io sono completamente a tua disposizione.
2217987	ita	Ho visto l'incontro di boxe in televisione.
2555226	ita	Che dici, facciamo come lui?
7628579	ita	Non vanno a costruire mausolei in Paraguay.
5508448	ita	Tom in stato di eccitazione ha camminato su e giù per la stanza.
5326927	ita	Tu hai dei pregiudizi.
3371357	ita	Sono in Islanda stasera, tornerò a casa domani.
6632143	ita	La mia amica non era inglese.
1546920	ita	Ho ricevuto una sua lettera ieri.
4592148	ita	Io abbandono Tatoeba.
6719417	ita	Lui è un bravo nuotatore e gioca anche bene a tennis.
7609649	ita	Non vai a fare affari in Messico?
6925782	ita	Non la voglio fare.
8714087	ita	È molto diverso ora, vero?
8260931	ita	Mi dissero di non seguirli.
6216010	ita	Vieni sotto il mio ombrello.
3862938	ita	Hai mai attraversato un fiume grande come questo?
7994471	ita	Tom aveva risposte per tutto.
4930518	ita	Se l'esperanto fosse una lingua facile, non avrei bisogno di un correttore.
3838537	ita	Ho un'idea malsana e divertente che forse attuerò.
4690602	ita	Noi non siamo ancora sicure.
6749593	ita	"Di che nazionalità sono le loro vicine?" "Lettone."
6791710	ita	Il vostro colore preferito è il lilla.
7625969	ita	Vai a costruire stadi negli Stati Uniti?
5004434	ita	Anche lei ha un problema con questo?
8817519	ita	Ha detto di essere assonnata.
4431560	ita	Ti sto chiedendo di restare.
7569775	ita	"Dove andranno domani?" "In Libia."
7624007	ita	Vanno a costruire grattacieli in Regno Unito.
4555182	ita	Ditemi quando cominciare.
5559891	ita	Sono andati dentro.
7000654	ita	Lui studia fisica.
4504673	ita	Siete circondate.
3502848	ita	La sua muscolatura dovrebbe essere magra e forte?
4582913	ita	Cane cattivo!
2874930	ita	Fu trovata sul fondo del fiume.
2854044	ita	Quest'estate sono andato in vacanza in Puglia.
3926360	ita	Ma io la uso sempre così!
1111778	ita	Tom si mostrò intorno alle 2:30.
2400981	ita	La sapevi, giusto?
7594155	ita	Andate a studiare in Cile?
350407	ita	Rimanete in piedi, per favore.
6748564	ita	"Di che nazionalità sono le vostre amiche?" "Gallese."
5313982	ita	Dato che questa frase è soltanto spam, sentiti libero di cancellarla dal database, per piacere.
2706096	ita	Non è facile la risposta?
4477434	ita	Lui pratica uno sport?
6902289	ita	Siete nei guai adesso, vero?
8868455	ita	Le donnole mangiano un gran numero di roditori.
6635104	ita	Tom e Mary dicono che hanno letto tutti questi libri.
375432	ita	Non è più qua.
3787483	ita	Vorrei ridurre drasticamente la quantità di tempo che mi ci vuole per pulire la casa.
6612119	ita	Tom probabilmente era occupato.
1610255	ita	Lui si è ucciso.
6361524	ita	Parlate senza fermarvi.
8244295	ita	Tom è ritornato in Australia il venti ottobre.
7657421	ita	Non vanno a costruire banche in Lituania?
3553968	ita	È lì in prima fila?
4833549	ita	Puoi restare, se vuoi.
1992697	ita	Non penso che tu sia schizofrenica.
6562907	ita	Come avete scritto il vostro nome in arabo?
3262126	ita	La mia amica mi ha dato una sciarpa di seta.
1800344	ita	Che mi prende?
3067243	ita	La mia ragazza amata è molto lontana da me.
2833460	ita	Ha pochi capelli?
1814340	ita	Vedi di non fare scherzi!
6213677	ita	Sono stato a Boston nel maggio dell'anno scorso.
5778037	ita	Sono già nei guai.
6209576	ita	Lascia che glielo dica.
2931408	ita	So il suo nome.
4007837	ita	Tom mi ha detto cosa è successo a Mary.
2416959	ita	Renderà Tom un uomo molto felice.
6378186	ita	Hanno detto che avevano paura.
7602811	ita	Vanno a cercare qualcuno in Lituania?
4616741	ita	Io avevo bisogno di quel lavoro.
4569153	ita	Tom ha capito male.
5339220	ita	Penso che dovremmo parlare di questo adesso.
5692644	ita	Non mi sarei mai dovuto fidare di Tom.
2992908	ita	Un'automobile tagliò la strada.
2022463	ita	Noi non possiamo farlo adesso.
6679008	ita	Sai esprimerti in inglese?
8007131	ita	Dissero che non nuotavano.
4576305	ita	Voi dovete fidarvi di noi.
6569586	ita	Tom e Mary hanno comprato al loro nipote una bici per Natale.
2746673	ita	Quanto ci vorrà per arrivare lì?
4570056	ita	I soldi rovinano molte persone.
3070645	ita	C'eri.anche te?
6746169	ita	"Di che nazionalità sono i tuoi insegnanti?" "Danese."
3338232	ita	Ci aspettiamo che lui torni presto.
5410700	ita	Di cosa ha paura Tom?
1820900	ita	Quanti ascensori ci sono in questo centro commerciale?
5073367	ita	Non posso vedere la fine.
5727845	ita	Stavo solo giocando a pallacanestro.
5505782	ita	Per questo torneremo ancora.
4259938	ita	Avresti dovuto lasciarli da soli.
8081677	ita	Perché sta scavando questa buca?
7609034	ita	Non andiamo a fare affari in Svezia.
7596903	ita	Non vanno a insegnare in Uganda.
5344807	ita	Voi siete diplomatici.
3399405	ita	Io ricordo che mia madre mi insegnava l'alfabeto.
5101088	ita	Tom sta lavorando il più velocemente possibile.
3133888	ita	Sono passati dieci anni da allora.
7631034	ita	Andate a costruire università in Bielorussia.
3306730	ita	Devo uscire più spesso.
2527190	ita	Lei suppose che io fossi un dottore.
6027938	ita	Siamo qui per conoscere Tom.
6605894	ita	Non ho problemi ad adeguarmi.
5217758	ita	Io ho risparmiato molti soldi.
7017039	ita	Tom mi ha detto di avere vinto.
3536766	ita	Che rimanga tra noi, lei è la mia morosa.
7658904	ita	Vanno a costruire baracche in Spagna?
5310448	ita	Di che colore è la vostra automobile?
6951024	ita	Tuo padre è alto?
643227	ita	Scambieresti sedile con me?
7489732	ita	Tom bevve uno smoothie.
7299229	ita	Son poi in casa le cuffie?
8425599	ita	Mi hai appena detto qualcosa?
5365328	ita	La nostra proposta è stata approvata quasi senza discussione.
7455269	ita	In quei giorni nessuno poteva supporre quale posto della storia avrebbe occupato Martin Luther King.
2793076	ita	Quanto vengono le pere?
3635478	ita	Guardi quella foto.
6932655	ita	Per quanto ne so, Tom non ne ha mai parlato.
2982676	ita	Le studentesse sono pigre.
3176878	ita	È pronto per esibirsi nel circo equestre.
5598322	ita	Tom ha un altro problema.
7627372	ita	Non vai a costruire case in Sudafrica?
3386701	ita	Il comportamento di questo individuo è senza dubbio inaccettabile.
3511477	ita	Noi siamo inimitabili.
7652487	ita	Vanno a costruire templi in Galles.
5690438	ita	Non lasciare andare la corda.
7638784	ita	Andiamo a costruire autostrade in Irlanda?
656320	ita	Dove si trova il negozio più vicino?
6855107	ita	Io so tutto di quello che è successo.
3140036	ita	Siamo ancora vive.
7740096	ita	Tom lo capirà.
5997551	ita	Pensi che tre ore saranno sufficienti?
3154360	ita	Ho mangiato mezzo pompelmo a colazione.
7614849	ita	Vanno a costruire ospedali in Albania.
4352203	ita	Penso che sarebbe leggermente diverso.
5590569	ita	"Cosa c'è di così divertente?" "Niente."
2823769	ita	Tom ha dato un bacio in bocca a Mary.
6582469	ita	Hai detto che sarei migliorata.
5349671	ita	Loro non interverranno.
7307291	ita	È una curiosa coincidenza.
2536469	ita	Mi chiedo quanto ci vorrà.
3333833	ita	Non prendertela a male se ti rimprovero.
8016985	ita	Perché è sempre così scettico?
7655581	ita	Andate a costruire birrerie in Siria?
7034781	ita	Il mio ragazzo pensa che io sia pazza.
6719939	ita	Non hanno il passaporto belga.
2737868	ita	Posso bere alcolici?
4564678	ita	Faccia attività fisica all'aperto.
374211	ita	Preferisco un cane a un gatto, poiché il primo è più fedele del secondo.
2961410	ita	Cosa stai leggendo in questi giorni?
7102698	ita	"Dove sono stati per lavoro?" "In Norvegia."
7139205	ita	Non l'ho appena detto?
4166695	ita	Io l'ho vista all'aeroporto.
7746361	ita	Non dovresti mangiare questo.
6996602	ita	Tom è un traditore.
2792652	ita	Io non riuscivo a crederci.
6757652	ita	"Di che nazionalità erano i suoi professori?" "Libica."
5414604	ita	La pioggia si è trasformata in acquazzone.
7434271	ita	Vidi Tom attraversare la strada.
8663320	ita	A volte mi viene voglia di picchiare qualcuno.
7842601	ita	Dovreste andare a lavarvi i denti.
1922973	ita	Mio nonno è morto nella stessa stanza in cui è nato.
3877149	ita	Ha fatto i suoi compiti.
6894791	ita	Ogni giorno è un'occasione per fare qualcosa di buono per le persone.
5040772	ita	Beh, io sono orgoglioso di lei.
5524706	ita	Questi dati non sono ancora stati elaborati.
6980602	ita	Siamo molto in ritardo.
6726403	ita	Non avete visitato il Regno Unito?
3535029	ita	I pastori conducono il bestiame e le capre verso i prati.
7545177	ita	Tom in realtà non è addormentato.
7625640	ita	Non va a costruire stadi in Spagna.
8572271	ita	Mi lanciò una mela.
6759050	ita	"Di che nazionalità erano i nostri cugini?" "Uruguaiana."
1969480	ita	Peccato che non ho un centesimo a disposizione.
7606408	ita	Vado a fare amicizie in Vietnam.
4001756	ita	Ci serve del denaro.
7604187	ita	Non vanno a fare soldi in Olanda.
8875701	ita	Mettono troppo zucchero nel loro tè.
987610	ita	Alzati presto, o sarai in ritardo.
7615941	ita	Non vanno a costruire ospedali in Lituania?
4975031	ita	Mi è stato chiesto di venire qui.
6537289	ita	Tom non voleva essere con noi.
2028107	ita	Voi siete quasi pronti?
6910592	ita	Tom comprò un cappello di paglia.
5086859	ita	Lei che aspetto ha?
3356756	ita	Era un ottimo dirigente, che sapeva valorizzare il personale.
6552835	ita	Morirete in carcere.
6720038	ita	Non avete il passaporto canadese.
5522095	ita	Se una ninfea raddoppiasse le proprie dimensioni in un giorno, in meno di due mesi coprirebbe tutta la terra.
7741220	ita	Tom non vi lascerà vincere.
2297450	ita	Le dispiace se mi tolgo la maglia?
7641903	ita	Non vado a costruire mattatoi in Paraguay?
7435159	ita	Ascoltati.
4384394	ita	Un cane sta abbaiando ora.
4582470	ita	Maturo è meglio.
8736429	ita	Ti stai divertendo.
5899967	ita	Lui ha ordinato wiener schnitzel.
4272953	ita	Dovrebbe vergognarsi di se stessa per avermi trattato in questo modo!
3398018	ita	Il piacere è peccato, ma talvolta il peccato è piacere.
1616460	ita	Lei ignora anche la nozioni più basilari della scienza.
7705143	ita	Tu vai a casa per Natale?
7596220	ita	Vado a insegnare in Lettonia.
4236509	ita	Non facevate il pisolino.
7370431	ita	Tom, questo è per te.
5530221	ita	Sapete perché il cielo è blu?
5094598	ita	Sono nell'appartamento di Tom.
5545689	ita	Adoro i segreti.
6539927	ita	Tom sta cercando di risparmiare denaro.
705872	ita	Neanche io lo riesco a spiegare.
6887577	ita	Ho fatto un passo all'indietro.
4527400	ita	Quando verranno annunciati i vincitori?
8267071	ita	Mi ha detto che aveva bisogno di parlare.
6894129	ita	Tom chiese una biro.
6745246	ita	"Di che nazionalità sono i tuoi cugini?" "Portoghese."
876202	ita	La settimana prossima parto in vacanza.
1743096	ita	Perché sei con un egoista?
7347701	ita	Ero un locatario.
5358744	ita	Mary ha risolto il mistero.
2141129	ita	Le forze giapponesi marciarono in Birmania.
758446	ita	La mia vecchia insegnante di inglese si starà certamente rigirando nella tomba ora.
6094574	ita	Non canterà?
7312727	ita	Tom ha un talento naturale nel convincere.
2689310	ita	Tom è molto rigoroso.
1723432	ita	Andiamo a vedere il maggior numero possibile di cose.
1222337	ita	Un tempo quella camicia si chiudeva.
3848289	ita	Ho ruttato.
3616520	ita	Sono un po' troppi o sbaglio?
1545257	ita	L'ho utilizzata solo una volta.
3353298	ita	Portalo, eh?
6985693	ita	Sto indossando un maglioncino perché ho freddo.
849252	ita	Il prototipo cerca l'elemento tipico.
7609600	ita	Non vado a fare affari in Grecia?
3689326	ita	Se la cavò per un pelo.
3271894	ita	Io so esattamente cosa fare.
7103631	ita	"Dove pensano di andare in vacanza?" "In Romania."
6055720	ita	Puoi ancora cambiare idea.
7337989	ita	"Non sono imbarazzata." "Sì, lo sei."
6758286	ita	"Di che nazionalità sono le sue cugine?" "Messicana."
7606012	ita	Vanno a fare carriera in Uganda?
1332787	ita	Lui crede a Babbo Natale.
1160117	ita	Sono libera questo pomeriggio.
5492019	ita	Dove sta sunando Tony?
6609575	ita	Vorrei delle scarpe da ginnastica.
1545168	ita	Sei veramente una buona cuoca.
7073392	ita	Cosa stai leggendo, Mary?
3765531	ita	Io vorrei denunciare un furto.
6005445	ita	Tom chiese quanto avevamo pagato.
6797513	ita	Qualcuno lì vi sta aspettando nella hall.
2251802	ita	Non sa chi ha costruito queste case.
5597742	ita	Abbiamo ricominciato da capo.
5019398	ita	Sono proprio arrivati in fondo?
2220006	ita	Parla il klingon?
5457705	ita	Voi sapete perché questa data è importante?
1761388	ita	È vero che hai un fratello in Germania?
2414804	ita	Lui ha passato l'esame come previsto.
1543246	ita	La libertà di pensiero è garantita dalla costituzione.
3803586	ita	Il suo avversario sembra tranquillo?
4940858	ita	Lui è una persona corretta e assolutamente affidabile.
2560891	ita	Mi sono completamente scordato.
4964283	ita	Ha dato il suo aiuto a molte persone.
2795927	ita	Il kendo è un'arte marziale giapponese.
5559905	ita	Erano insieme.
6632454	ita	Il mio migliore amico non era russo.
3795863	ita	Si ritorna alla base.
6753300	ita	"Di che nazionalità erano le loro amiche?" "Azera."
8781743	ita	Sami andò a guardare la TV.
3776839	ita	Molto tipico.
757726	ita	Sto cercando una cartoleria per comprare delle penne.
6604803	ita	Oggi corregge le nostre verifiche.
2068084	ita	Non ti devo niente.
6598342	ita	Scopriamo a che ora comincia il concerto.
7649464	ita	Va a costruire moschee in Nuova Zelanda.
5898806	ita	Dovremmo fare una pausa caffè.
2428987	ita	Io dormii come un cane.
4922272	ita	Basta crederci, dicono!
3266328	ita	Affamerete i cani.
5352785	ita	Farei qualunque cosa per Tom.
7875935	ita	Tu sei ancora una fumatrice?
4189595	ita	Io andrò a trovarlo.
3021526	ita	Scompare la funzione tradizionale del significante.
6872149	ita	Quanto più la persona è orgogliosa, tanto più la punizione è severa.
7570073	ita	"Dove andranno la settimana prossima?" "In Australia."
3509452	ita	Tom è abbastanza bello, vero?
7805294	ita	Sono dentro una casa che è bella.
4752080	ita	Tom ha preso parte alla corsa.
6846992	ita	Cosa ti portiamo?
4941340	ita	Una domanda mi inquieta da quella sera.
8383269	ita	Si ferì provando a farlo.
1073057	ita	Pensa a tutto in termini di soldi.
6830578	ita	Ho la sensazione che qui nessuno capisca il finlandese.
7652513	ita	Vanno a costruire templi in Finlandia.
7535576	ita	Tom aprì il suo regalo.
3176700	ita	Ma cosa dice?
6378872	ita	Tom studia filosofia all'università.
1475669	ita	Non posso farci nulla!
3414014	ita	Buon risveglio a tutti!
7594323	ita	Non vai a studiare in Olanda?
4984540	ita	Avrei potuto obiettare, però non l'ho fatto.
5756037	ita	Io sono con lui ora.
8896320	ita	Sarà con lui.
4741410	ita	Tom non poté vedere nulla.
4945349	ita	La polizia prosegue le sue indagini sulla rapina dell'anno scorso.
1124910	ita	È biologo lui.
7034798	ita	Tacete e fate quello che vi è stato detto di fare.
911115	ita	Il finestrino è fatto di vetro.
5032270	ita	Non ne hai avuto a sufficienza, Tom?
3111297	ita	Non sto dicendo di essere migliore di Tom.
8704836	ita	È sempre a casa, vero?
2749287	ita	Quello dipende dalla facoltà.
6718413	ita	Avete una barca?
5437406	ita	Tom è un valoroso guerriero.
5313058	ita	Io ho molta voglia di rivederla.
6600947	ita	Questa è una pera, non una mela.
1645833	ita	Katsuko è la prima della classe in inglese.
5950780	ita	Non la vede?
3401210	ita	Mio padre non mi ha dato il permesso di avere un cane.
841265	ita	Se parla bene inglese, lo assumerò.
3676469	ita	Io voglio che lei sia preparata.
4263159	ita	Finalmente qualcuno che denuncia!
7571891	ita	Penso che non andremo per lavoro in Germania.
6696907	ita	Va bene se vengo?
2833707	ita	Gli elfi sono molto spilorci.
6613066	ita	Il mio migliore amico non è scozzese?
1740200	ita	L'attacco nemico è finito all'alba.
3504643	ita	Hanno ragione gli investitori esteri.
4473725	ita	Lei vende verdure.
3473139	ita	Lui è appena uscito.
7594759	ita	Vado a lavorare in Bulgaria.
4213060	ita	Ho sentito dire che Tom non parla francese.
7632199	ita	Non vanno a costruire università in Nuova Zelanda?
7000487	ita	"Cosa vuoi mangiare?" "Della pane."
7661142	ita	Non vado a costruire basi militari in Scozia.
7603965	ita	Non vai a fare soldi in Siria.
2708536	ita	Lo so che capite.
6720077	ita	Abbiamo il passaporto ghanese.
4618941	ita	Ne ha subite troppe e ora si vendica.
5737033	ita	Tom voleva continuare a lavorare.
7618062	ita	Non andate a costruire strade in Messico.
5992889	ita	Dalle il tuo posto.
6632040	ita	Il mio migliore amico non è georgiano.
3528181	ita	Ho allegato un file di Microsoft Excel.
7329128	ita	Sami non può fare niente.
3539868	ita	È impossibile per l'uomo dimostrare l'esistenza di Dio come sarebbe anche per Sherlock Holmes dimostrare l'esistenza di Arthur Conan Doyle.
5845079	ita	Usate la vostra testa!
2700272	ita	Farò molta attenzione.
3194948	ita	Non mi sento presa in causa.
5789416	ita	Non abbiamo bisogno di fare questo.
2189354	ita	La chiamerò appena arrivo a Chicago.
4929087	ita	Improvvisamente il cielo è diventato nuvoloso e scuro.
6591208	ita	Ho fatto del mio meglio per proteggerli.
5595509	ita	Odio gli ipocriti.
4964694	ita	Da quando hai uno smartphone?
1814978	ita	È caduto all'indietro.
2213698	ita	C'è sempre questo casino qui?
3399928	ita	Esiste la notte per riposare.
4730028	ita	Il mango è il frutto nazionale di vari paesi.
5389617	ita	Sei milioni di britannici non hanno mai usato Internet.
3666470	ita	Tom voleva mandare un messaggio.
1692032	ita	Non so se verrà in treno o in macchina.
3165433	ita	L'uomo dà il meglio al mattino.
3590507	ita	Questo vestito mi sta alla perfezione.
3662688	ita	Dovresti prepararti per il futuro.
6063400	ita	Tom, dobbiamo parlare.
1272195	ita	Non bisogna dimenticare quel fatto.
6736025	ita	La pagammo.
8102862	ita	Sta guidando la sua auto.
1005763	ita	Lo stai ascoltando?
2717394	ita	I passeggeri sono tutti saliti a bordo della nave.
4247069	ita	Tom ti mostrerà come catturare un pesce.
3262239	ita	Ha chiuso tanti anni fa.
4420723	ita	Sto solamente cercando di proteggerla.
2737805	ita	Quello è l'appartamento di Tom.
2996015	ita	Camminiamo ancora nel buio.
1536187	ita	Ho un francobollo molto vecchio.
6962250	ita	Vai al parcheggio.
1221834	ita	Il problema è che non esistono!
8490637	ita	Ha visto di peggio.
3251718	ita	Voglio che lei resti dov'è.
781661	ita	Sei abbastanza grande per capire.
5347987	ita	Apri la cassaforte.
6722587	ita	Non abbiamo le lentiggini?
2003251	ita	Che cosa ti ha spaventato?
3146204	ita	L'ospite e il pesce dopo tre dì rincresce.
3351454	ita	Prendine quanti ne vuoi.
3166820	ita	Io l'ho guardato mentre stavo scrivendo la tesi.
8312185	ita	È l'orgoglio della sua classe.
6759241	ita	Le piacerebbe imparare a suonare il pianoforte?
1282696	ita	Avemmo molta pioggia quel mese.
1488529	ita	Abito qua.
3107411	ita	Farò di tutto per venire!
7997739	ita	Perché lo avete portato qua?
6569360	ita	Lasciala comprare la prossima birra.
2357285	ita	Siete state in piedi?
3950443	ita	Stanno ancora guardando.
1728982	ita	Io sono qui da due ore.
8372555	ita	Si sono uccisi ieri.
1439090	ita	Spero di farcela.
8516515	ita	Avvertilo.
7418905	ita	Hai già affilato tutti i coltelli?
3317454	ita	Un vessillografo è qualcuno che progetta bandiere.
2602947	ita	Sia Tom che Mary sorrisero.
7657122	ita	Non vado a costruire banche in Danimarca?
4418286	ita	Le previsioni meteo cosa dicono?
6618453	ita	Tom e Mary se ne devono andare oggi?
6723671	ita	Non ho mai visitato Taiwan.
4090990	ita	La sua domanda per entrare nel partito fu respinta.
6747008	ita	"Di che nazionalità sono i nostri dottori?" "Canadese."
4669791	ita	Io so di cosa sta parlando Tom.
5074594	ita	Sarai qui con me.
6113815	ita	Oggi sono a casa.
6756332	ita	"Di che nazionalità sono le vostre studentesse?" "Ceca."
4953233	ita	Sa qual è il problema con quello?
3125203	ita	Torna a salvarci.
6758432	ita	"Di che nazionalità sono le nostre cugine?" "Vietnamita."
6139587	ita	Mi deve aiutare a salvarla.
4936451	ita	Giovanni abitava in via Usignolo.
1972239	ita	Dobbiamo lavorare duramente.
3832782	ita	Loro faranno finta di niente.
5292689	ita	Voi siete anziani.
5536484	ita	È la prima volta che qualcuno critica il mio lavoro.
5985388	ita	Lo porterò a cena.
3766348	ita	Questo è un luogo pubblico.
6735148	ita	Non andate in vacanza in Spagna.
4422923	ita	Rimanete qui con lui.
3545610	ita	Lei sta cercando un lavoro migliore.
8362484	ita	Dice che è troppo stanca per studiare.
3809447	ita	Voi avete stirato i vostri pantaloni.
2971341	ita	Lei non deve saperlo.
4634645	ita	C'è un piano di trattamento alla fine del foglio illustrativo incluso.
6732988	ita	Questo sembra un buon punto per pescare.
4170284	ita	C'era bisogno di puntualizzarlo.
4488306	ita	Fai qualcosa stasera!
5338417	ita	Tom era coperto di lividi.
4422894	ita	Voi volete dormire?
5073612	ita	Datemi un bacio!
1999812	ita	Non possiamo farlo.
3549132	ita	Io penso che Tom sia noioso.
8878104	ita	Non faceva molto freddo ieri sera.
7186550	ita	Non era qui l'anno scorso.
3413630	ita	Non sembra vero!
2530061	ita	Vuoi davvero essere qui?
996579	ita	Non capisco mai il linguaggio burocratico.
5233891	ita	Tom ha sparato a Mary con un fucile.
4474704	ita	Non si preoccupi per i dettagli minori.
4807130	ita	Aspetti, c'è altro.
6828816	ita	Ora capite perché lei l'ha fatto?
3638292	ita	Non ho più la TV a casa.
6956667	ita	Andate per questa strada finché non vedrete una recinzione blu. Questa è la casa di Tom Jackson.
7602388	ita	Non andate a cercare qualcuno in Estonia.
3461500	ita	Lui si trasferì in Germania.
373999	ita	Il ghiaccio si è sciolto.
1158363	ita	Facciamo i furbi.
3128363	ita	Sto imparando a suonare la chitarra adesso.
3829473	ita	Tu scrivevi a tuo zio.
5536446	ita	Dissi a Tom che aveva fatto un errore.
4206149	ita	Pare si senta offeso per il paragone.
3325783	ita	Ha smesso di ascoltare la radio.
8405678	ita	Preferisce la carne o il pesce?
5430764	ita	Com'è andato lo scorso weekend?
3117865	ita	La CIG compie i lavori e fornisce i consigli generali.
7604836	ita	Non andate a fare soldi in Bielorussia?
3211219	ita	Io ho 25 anni e non ho mai avuto una ragazza.
379673	ita	Il legno galleggia sull'acqua.
6754450	ita	"Di che nazionalità erano le nostre studentesse?" "Inglese."
3689305	ita	Puoi aggiungere questi numeri?
5969251	ita	Ho in mente di pranzare con Tom.
6896694	ita	Posso prendere un foglio di carta?
5727267	ita	Diventerai un insegnante.
3753719	ita	Servirà un biglietto per viaggiare in autobus.
7638891	ita	Andate a costruire autostrade in Arabia Saudita?
2837016	ita	Il signor Brown è al tramonto della sua vita.
1534898	ita	Non era abituato a dormire da solo.
715173	ita	Riesco a capire a malapena quello che dice.
2420801	ita	Ordino piuttosto una birra.
1889152	ita	Lui di nascosto mi ha mostrato una fotografia di lei.
8369206	ita	Ha detto che lo comprerà per voi.
5589897	ita	Tom e Mary non erano felici qui.
376546	ita	Chi ha scritto la lettera?
3846500	ita	Io voglio parlarti di qualcosa.
621104	ita	La sua patente è scaduta.
6744183	ita	"Di che nazionalità sono i tuoi genitori?" "Cinese."
6753837	ita	"Di che nazionalità erano le nostre zie?" "Messicana."
7627469	ita	Non andiamo a costruire case in Svezia?
1539305	ita	La insultò.
5988424	ita	Sarò di ritorno per loro più tardi.
2557082	ita	Entrate nella Jeep.
4504158	ita	È un impiego a tempo pieno.
6549079	ita	Diamole un'altra possibilità.
6079754	ita	Non posso dirgli la verità.
3289762	ita	Sono riusciti a farti credere ciò che volevano.
3406972	ita	Tom non sapeva neanche cos'era quello.
6325918	ita	Tom ha un grande telescopio.
4827716	ita	Questa minestra sa di vino.
4977859	ita	Loro hanno nuotato con i vestiti addosso.
7613023	ita	Non vanno a costruire edifici in Belgio?
4247532	ita	Tom non è sempre impegnato.
2576581	ita	Tergiversa.
2555107	ita	Lo dirò a Tom.
7847029	ita	Lui legge il giornale ogni mattino.
2823770	ita	Tom diede un bacio in bocca a Mary.
5474631	ita	Mia moglie non condivide con me le sue esperienze.
5092148	ita	I lavoratori minacciarono di scioperare.
3554606	ita	Di solito non deve essere un dovere?
6605239	ita	Hai scordato il cellulare a casa?
2697862	ita	Questi sono i tipi di persone che hanno bisogno di quelle istruzioni.
5836047	ita	Le ragazze sono diventate amiche.
4486301	ita	Perché dovrei prendere un cane?
8362658	ita	Ha bisogno della sua famiglia.
4467585	ita	Tom pensa di essere bello.
7617766	ita	Vanno a costruire strade in Paraguay.
6205669	ita	Non sottovalutatele mai.
2213680	ita	Io vivo con un porcospino.
3410442	ita	Ma che razza di domanda ti ha fatto?
8486575	ita	Iniziò a danzare.
5722765	ita	Noi lo stiamo ignorando.
3519765	ita	È un paese alla rovescia.
1010989	ita	Fumare ha molto a che fare con il cancro.
7621323	ita	Andate a costruire fabbriche in Argentina?
6893683	ita	Sarebbe meglio occuparsi di qualcosa di utile.
5384646	ita	Non è il mio lavoro.
4876125	ita	In cosa credete?
5683526	ita	Tom mi ha detto che è single.
6719565	ita	Sembrate mia moglie.
7054622	ita	Tu lo fai molto spesso?
6881210	ita	Sono sicuro che Tom non lo farà più.
8733196	ita	È molto possibile.
5512850	ita	Il suo amore per lei non era corrisposto.
6132827	ita	Layla è stata sedotta.
978326	ita	Non è facile catturare una lepre a mani nude.
5561882	ita	Tom è molto competitivo, vero?
6739857	ita	Tom è rimasto in hotel.
4080654	ita	Prendi la cravatta che ti piace.
3391679	ita	Ci vedrà qualcuno.
7726436	ita	Ci sono molti pini a Roma.
8727897	ita	Io non visiterei Boston se fossi in te.
8592391	ita	Tom potrebbe decidere di non farlo.
7479259	ita	Vorrei mangiare del riso al curry per cena.
6697579	ita	Mi dia il suo denaro!
6449155	ita	Tom la chiamerà presto.
3381952	ita	Cos'era che ha detto Tom?
5427684	ita	Un piccolo merito.
7659180	ita	Non andiamo a costruire baracche in Cile?
5907090	ita	Mary ha intenzione di avere come minimo cinque figli.
4115851	ita	Certe persone fanno di tutto per non essere dimenticate.
3027140	ita	Io e lui eravamo nello stesso campo all'epoca.
7306995	ita	Stavano spogliando Tom.
7587848	ita	Il contratto entrerà in vigore domani.
7594892	ita	Va a lavorare in Finlandia.
6019370	ita	Devi superare l'esame! Fai quello che vuoi, ma devi superarlo!
5766580	ita	Quello quanto è legale?
1506903	ita	Finalmente posso mettermi i pantaloni corti.
6473373	ita	Pensavo la conosceste.
5500238	ita	Il mio appartamento è al piano di sotto, il settimo.
6032600	ita	Gli diedi un'occasione.
3975798	ita	Tom è andato a trovare Mary ieri.
2884712	ita	Vi piace il pianoforte?
7624597	ita	Va a costruire grattacieli in Paraguay?
7715951	ita	Gli amici sono molto importanti per lui.
2037810	ita	Dobbiamo fare di meglio.
3482696	ita	Voi dovreste essere pronte al peggio.
1549209	ita	Sto aspettando il mio amico.
5495991	ita	La scorsa notte nell'hotel c'è stato un omicidio.
5727196	ita	Un vero amico avrebbe agito diversamente.
6055897	ita	Mia madre mi urla sempre contro.
3807751	ita	Lei ha insultato la sua amica dalla rabbia.
3432774	ita	È praticamente un suicidio.
3139872	ita	I miei colleghi mi hanno accolto calorosamente.
2727342	ita	L'ho annotato su un tovagliolo.
3607259	ita	Chi segue gli altri non arriva mai primo.
7599292	ita	Non vai a insegnare qualcosa in Libano.
2727681	ita	Farei qualunque cosa per te.
5098634	ita	Non abbiamo paura di nessuno.
6699941	ita	Sami non aveva una fidanzata.
6789544	ita	Fallirò.
6672793	ita	Ha detto che odiava Tom.
8916413	ita	Disse che era molto dispiaciuto.
3507037	ita	E adesso ce la beviamo pure noi?
8850584	ita	Sembra essere curioso.
5161108	ita	È ormai finito, no?
6955981	ita	È stato un errore farlo.
960752	ita	Parlami un po' di te.
6873684	ita	Il mio Dio è migliore di qualsiasi vostro dio.
5327022	ita	Siete obbedienti.
1554410	ita	È bella.
6821077	ita	Tom non era molto credibile.
6043219	ita	Tom è sufficientemente buono.
6879478	ita	Impara questo poema a memoria.
3302607	ita	Invece di imparare l'italiano, mi concedo delle sciocchezze.
3236231	ita	Stasera non riesco.
3539156	ita	La mia città natale è Tel Aviv.
6365470	ita	Avete venduto a qualcuno questo farmaco oggi?
7639535	ita	Andiamo a costruire ristoranti in Ucraina.
7279317	ita	Vorrei chiarire una cosa con te.
6609477	ita	Mi piace il melone.
8054110	ita	Perché lo volete fare così tanto?
4204143	ita	L'abbiamo spiegata.
5980396	ita	Vorrei darlo a lui.
3556790	ita	Non ho capito questa battuta.
7657077	ita	Vanno a costruire banche in Nuova Zelanda?
1988631	ita	Si deve dedicare di più all'orto.
3134693	ita	Sono stanco di tutte le tue lamentele.
3122611	ita	Non pensa di essere troppo rigida?
6179223	ita	Temo sia appena uscito.
8920420	ita	Si ruppe il polso sinistro.
3747286	ita	Stiamo proprio perdendo la testa per le cazzate.
5692708	ita	Io sto cenando adesso.
2188628	ita	Io ho scoperto chi è il padre di Tom.
612694	ita	Mi ha raccontato una storia interessante.
4555211	ita	Vi serviva altro?
6880289	ita	Mary ha detto che era cresciuta a Boston.
7613680	ita	Non andate a costruire ponti in Marocco.
7626501	ita	Vanno a costruire case in Estonia.
1069671	ita	Vieni a dormire tra le mie braccia.
6172814	ita	Andremo a prenderlo.
6901297	ita	Noi deriviamo la nostra vitalità dal magazzino della pazzia.
1545125	ita	Quale sentenza preferite?
4240842	ita	Io sono rimasta affascinata dalla sua bellezza.
8088346	ita	Non la divido.
7621874	ita	Va a costruire fattorie in Inghilterra.
1116929	ita	Non ci sono frasi in inglese su Tatoeba che contengono la parola "Lego".
7120936	ita	Ho conosciuto Tom.
3508427	ita	Marie non accoglie gli invitati.
3199621	ita	Mi fa felice ogni giorno.
6471162	ita	Mi fa piacere che Tom sia a casa.
6299588	ita	Si girarono tutti per guardarlo.
5565786	ita	Devi essere forte.
2037681	ita	Immaginati come una miliardaria.
4205737	ita	Cantò una canzone.
4772952	ita	Non volevo che mi lasciassi.
5431558	ita	Io mi dedicavo al bricolage.
3233440	ita	La pioggia è durata cinque giorni.
6702965	ita	Quando studi francese?
3639439	ita	Noi possiamo aiutarci a vicenda.
6540021	ita	Vado sempre a scuola in autobus.
4817770	ita	Dovevamo vivere insieme?
7071404	ita	Sto andando direttamente a casa.
615190	ita	Non l'ho sentito da allora.
5688915	ita	Lo prometto, Juan.
4560664	ita	Lui preferisce il tè al caffè.
524181	ita	Quando sono depressa, mi metto a cucinare per ore.
4856892	ita	Io non ricordo il viso di Tom.
3641323	ita	Mi è stato chiesto di aspettare qui.
2841670	ita	Non sapevo dove le avesse messe.
2741838	ita	Io solitamente leggo mentre mangio.
3165288	ita	Papà, questo è rigore?
5281003	ita	Saluta.
2562743	ita	Sono disorganizzato.
2921719	ita	A voi piace il vostro capo?
2919448	ita	Forse Tom aveva torto.
3182647	ita	È il nuovo che avanza.
4961835	ita	Tu andrai al ballo con me?
5625912	ita	Ho inviato una petizione al sindaco.
3048542	ita	Mi presteresti la tua macchina?
7606768	ita	Non vado a fare amicizie in Vietnam.
2935107	ita	È qualcosa di cui può sbarazzarsi?
7642990	ita	Vado a costruire allevamenti in Sudafrica?
5285346	ita	Stai sognando.
7629138	ita	Non andiamo a costruire mausolei in Galles?
6301317	ita	Per piacere, non chiedete a lui.
3400560	ita	Potevi rispondere, eh?
7219303	ita	Scegli me.
5828037	ita	Ecco, prendete.
7278154	ita	Appena in tempo hai scritto la lettera di dimissioni.
6723769	ita	Non avete mai visitato la Germania.
7572898	ita	Penso che andranno per svago in Belgio.
3009209	ita	L'aula era piena di allievi.
8352344	ita	Che cosa stai facendo su quell'albero?
4044349	ita	Lui ha chiesto il mio consiglio.
7102377	ita	"Dove vorrebbero andare in vacanza?" "In Estonia."
4530751	ita	Tu sei ottimista?
3131872	ita	È stato costretto a ricorrere alla violenza.
4567647	ita	Andrò a Boston la prossima estate per trovare Tom.
7555845	ita	Mi chiedo perché Tom e Mary siano così magri.
955458	ita	Salve, mi saprebbe dire dov'è una cabina telefonica?
7711121	ita	Mangi più proteine.
5543388	ita	Prendete quello che vi piace.
7618085	ita	Non vanno a costruire strade in Spagna.
5330599	ita	Sarà impressionata.
2602501	ita	Ha reso la famiglia di Tom davvero felice.
7628681	ita	Vai a costruire mausolei in Svezia?
7608784	ita	Vanno a fare affari in Giappone.
2742489	ita	Volevo incontrare una donna davvero matura.
7496218	ita	Questo è delizioso. Cos'è?
3683889	ita	Siamo così occupate.
2069201	ita	Stai indossando le calze al contrario.
4520632	ita	Mary ha dato a Tom la mano da baciare.
4200009	ita	Ho ricevuto un messaggio da Tom.
2759716	ita	Pensavo che poteste essere in grado di aiutarmi.
7612892	ita	Non andiamo a costruire edifici in Estonia?
3242768	ita	Ho detto a Tom che non stavo andando da nessuna parte.
5925888	ita	Volevo parlarvi di qualcosa di importante.
5349998	ita	Me lo potete spiegare?
7545258	ita	Tom comprò una pistola a Boston.
4555416	ita	I dettagli sono riservati.
4899050	ita	Ero a un colloquio di lavoro.
3875122	ita	Facciamo attenzione a non prenderci un raffreddore.
6750255	ita	"Di che nazionalità sono i tuoi nonni?" "Ucraina."
7651221	ita	Non va a costruire sinagoghe in Francia.
8336243	ita	Il padre di Sami era un mostro.
7094811	ita	Tom perse il suo autobus.
2221300	ita	Riesci a venire domenica sera?
4682782	ita	Il mio nome è Tom Jackson.
4832589	ita	Posso prendere in prestito il vostro ombrello?
4152645	ita	Tom raccontò una barzelletta.
6576467	ita	Tom e Mary si corressero.
7630850	ita	Vai a costruire università in Giappone.
1923013	ita	Tu scriverai una lettera.
6605438	ita	Dobbiamo proprio farlo.
5770269	ita	Io sono andata all'università.
7648862	ita	Non vanno a costruire palestre in Libano?
6928809	ita	Dove posso comprare della panna montata?
3607156	ita	La vecchiaia non è così male quando consideri le alternative.
6005760	ita	In quanti eravate lì?
5284617	ita	Io sono ingegnoso.
4220927	ita	Voi andrete a fare una doccia adesso.
4210464	ita	Non bisogna fasciarsi il capo prima di romperselo.
8910688	ita	Mi ha detto che mi avrebbe chiamata.
4054475	ita	Domani ti faccio un disegnino.
5631345	ita	Per favore, non fatela.
7572168	ita	Penso che andrete per lavoro in Brasile.
7627575	ita	Non vanno a costruire case in Marocco?
7649456	ita	Va a costruire moschee in Belgio.
4577873	ita	Facciamo questo e basta.
2942624	ita	È probabile che sia per quello.
3409650	ita	Questa frase è una bugia.
7450984	ita	Perché non lo dovrei baciare?
5718500	ita	L'ha picchiato.
2505545	ita	Un gatto ha due orecchie.
517971	ita	Dovrei suonare, ma sono troppo triste per farlo.
2553569	ita	Sono fermo.
3134100	ita	La roulette è un gioco di fortuna.
3308005	ita	Ho scalato il Monte Fuji.
3781995	ita	L'incidente è avvenuto esattamente un anno fa.
3576020	ita	Ci sarebbe tanto altro da aggiungere?
7569691	ita	"Dove andrai la settimana prossima?" "In Argentina."
8035153	ita	Che ha fatto Tom la settimana scorsa?
3382091	ita	Devi staccargli la corrente?
4237716	ita	Eri arrabbiato.
1525416	ita	Non potevate scegliere.
3017905	ita	Come dovresti sentirti?
5986974	ita	Posso parlare con Pedro?
839364	ita	Questo lago è il più profondo in Giappone.
2988682	ita	La legge dà sempre ragione a loro.
6929028	ita	Dove possiamo comprare delle lavastoviglie?
7574030	ita	Penso che andremo per soldi in Sudafrica.
5986013	ita	Tom la sta facendo per dispetto.
8279576	ita	Ha chiuso il suo armadietto.
2507375	ita	Io studio il francese per tre ore ogni giorno.
7571483	ita	Penso che andrai in vacanza in Scozia.
3547873	ita	Penso che Tom sia sano di mente.
3411491	ita	Albero, mi stai sfidando?
2020516	ita	Sembro più vecchio.
5332159	ita	Io ho cercato di non farlo.
6919253	ita	Passatemi la colla.
4154070	ita	Tom si lamentò del caldo.
7663422	ita	Non vai a costruire negozi in Uganda?
3344951	ita	Non metta una valigia sopra l'altra, perché ci sono cose fragili.
8374802	ita	Mi dissero che volevano un avvocato.
6537131	ita	Tom non voleva essere un chirurgo.
3420811	ita	Tom non sta imbrogliando.
8078856	ita	Va bene fare errori.
3650351	ita	Pensavo che Tom e Mary fossero sposati.
3423508	ita	Non si preoccupi, la proteggerò.
7216800	ita	Tom è nel posto giusto.
4685913	ita	Io sono ancora molto stanco.
4256724	ita	Probabilmente non sarebbe mai successo.
7571306	ita	Penso che non andremo in vacanza a Cipro.
3106515	ita	Preferirei che veniste venerdì piuttosto che giovedì.
6636618	ita	Io non parlo con Tom adesso.
5576882	ita	Lui compié la sua missione.
5209496	ita	Tom è in testa alla corsa.
2555189	ita	Sono sveglio ora.
4793244	ita	Facendo seguito alla mia richiesta, mi hano mandato un campione.
6750303	ita	"Di che nazionalità erano le sue nonne?" "Rumena."
8700398	ita	È infido, vero?
6917445	ita	Tom scelse il discorso sbagliato.
2847532	ita	Come si fanno i ravioli vegetariani?
4567622	ita	Non avete freddo.
8235437	ita	Mi sono stancata di perdere.
4202694	ita	Lo provò.
6009305	ita	Non penso che lei si interessi a me.
4847081	ita	E siamo qui anche quest'anno?
3145897	ita	Chi fa falla e chi non fa sfarfalla.
7725780	ita	Ho preso in prestito questo libro da Tom.
4988149	ita	Io sono stufa di tutte le lamentele.
5884009	ita	Fadil stava attraversando la strada.
3845873	ita	Sono davvero toccata da questa puntata.
7640528	ita	Non vai a costruire ristoranti in Grecia?
7659435	ita	Vai a costruire arene in Austria.
5660568	ita	È possibile che Tom sia un genio.
7625052	ita	Non andate a costruire grattacieli in Vietnam?
6071202	ita	Sei tu l'ingegnere.
4958039	ita	Siete avventurosi?
666744	ita	Siete tornati?
5023295	ita	Le piacciono gli involtini primavera?
4243232	ita	Lui guardò un film svedese.
3354536	ita	Perché non avete neppure visitato la Germania?
7612475	ita	Va a costruire edifici in Norvegia?
2191704	ita	Loro sono morte.
2819144	ita	Spero che non siate arrabbiate.
8694491	ita	È temerario, vero?
7585809	ita	Non ci sono limiti di velocità.
4226864	ita	Fantastico come sempre!
7603178	ita	Non vanno a cercare qualcuno in Norvegia?
2534890	ita	Ci volle mezz'ora per montare la tenda.
6568826	ita	Tom corse verso i cespugli.
4633657	ita	Ho un piccolo favore da chiedere.
4024729	ita	Come avete avuto quell'idea?
8908236	ita	Vuoi che Mary venga punita per quello che ha fatto?
3811303	ita	Siete mai stati a Teheran?
1082632	ita	Arrivano a Roma.
4852991	ita	Avete fatto colazione questa mattina?
2934951	ita	Stavamo cenando quando ha chiamato Tom.
6861020	ita	Tom pensò bene di non aspettare Mary.
2829359	ita	Voglio andare con Tom.
3584180	ita	Tom sapeva dov'era la sua automobile.
8405683	ita	Tom ha dei problemi a controllare il suo cane.
3964254	ita	Me la ricordavo diversa, però.
5732492	ita	Tom ha portato Mary allo zoo.
3410378	ita	Mamma mia, sto impazzendo!
7000690	ita	Lei non studia geografia.
6745464	ita	"Di che nazionalità sono i loro cugini?" "Greca."
3018777	ita	Sono stato solo per così tanto tempo.
5292364	ita	Mi disegni una pecora!
2212913	ita	Qui devono ancora passare.
7605646	ita	Non vanno a fare carriera in Austria.
4201519	ita	Tom ha un figlio il cui nome è John.
6759779	ita	Netflix ora è disponibile in Europa.
5355553	ita	La barca si schiantò contro il molo.
3709039	ita	Io ho lavorato duramente per poter superare la prova di matematica.
2421002	ita	La mia casa è sulla riva meridionale del Tamigi.
8088234	ita	Ha detto che non è pronto a partire.
6538493	ita	Tom andrà a prendere Mary.
2159739	ita	La vita è breve, quindi utilizzo Python!
1865471	ita	Lui camminava avanti e indietro.
3107111	ita	Il tuo papà sarà orgogliosissimo.
