425536	jpn	思い切って「妊娠してるの」と告げると彼は「俺の子だと言うのか？」と言った。
1166932	jpn	今は外出したくない気分だ。
166281	jpn	私たちはときどきいっしょに映画を見に行く。
93996	jpn	彼女の父は若い頃泳ぎが達者だった。
89210	jpn	彼女は試験に通って幸運だった。
1656312	jpn	トムはボストンでちゃんとした仕事を見つけられなかった。それでシカゴに移った。
227515	jpn	おまえも馬鹿なら彼もそうだ。
8613880	jpn	すみません...
207959	jpn	その知らせは私たちの希望を打ち砕いた。
196476	jpn	ボールは丸い。
4635645	jpn	Tomさんは直ぐにあなたに事務所であいたがっている。
138113	jpn	太陽は月よりも地球から遠いところにある。
78415	jpn	嵐はやんだようだ。
204649	jpn	それをちょっと見せてください。
115019	jpn	彼は８０歳を超えているが、まだ元気だ。
76362	jpn	わたしが前をよく見てなかったから、出会い頭にぶつかっちゃって。小川くんは悪くないわ。
141900	jpn	先回は安産でした。
190947	jpn	医師であることが旅行中大いに役に立った。
2462018	jpn	分からないことは聞いてね。
215283	jpn	ジョンは私の頭を殴った。
3338286	jpn	世の中にはどんなに願っても叶わないことがあります。
78646	jpn	来週の土曜日は暇です。
188851	jpn	駅までの道を教えて下さい。
95261	jpn	彼女が入ってきた時、私たちは食事を終えていました。
148609	jpn	手荷物のカートはどこにありますか。
177283	jpn	君は今日外に出てはならない。
144132	jpn	人々はみんなとても忙しそうで、みんな忙しそうに見えました。
117861	jpn	彼の感情を傷付けたくはない。
2800163	jpn	スイスでは5月に春が来る。
93372	jpn	彼女はアルコール中毒だ。
226790	jpn	お二人の間柄は？
161964	jpn	私は３時に約束があるのです。
113438	jpn	彼はすぐに風邪が治った。
185206	jpn	会話は人生最大の喜びの一つであることをご存知か。
90557	jpn	彼女は疑わしそうに私を見つめた。
8732935	jpn	トムはボストンから来たの？
233214	jpn	あなたの手は洗う必要がある。
117870	jpn	彼の額の汗をぬぐった。
183050	jpn	貴社のご提案を検討した結果、価格の値下げには応じられないという結論となりました。
87468	jpn	彼女は彼とのおしゃべりを楽しんだ。
1008416	jpn	薬物は現代社会の癌だ。
155557	jpn	私は生きている限り、あなたのご親切は忘れません。
114381	jpn	彼はいわゆるありふれた親ばかではない。
1106161	jpn	隣の家が何だかがやがやとうるさい。パーティーでもしているのだろうか？
224747	jpn	ここから車で１０分くらいです。
104780	jpn	彼は自力で出世することができた。
165266	jpn	私たちは彼は嘘を言ったのではないかと疑った。
163415	jpn	私の邪魔をしないでくれ。
77439	jpn	恋愛と結婚は別だ。
115994	jpn	彼の目は、彼女にくぎ付けになった。
8788916	jpn	トムは多分すぐ戻って来るよ。
202019	jpn	テレビのおかげで我々は知識を広めることができる。
205801	jpn	それだけが、この恐ろしい撃ち合いから身を守ることのできる唯一の方法だったの。
8210841	jpn	このポテトチップスは、オンラインショップ限定商品です。
901642	jpn	彼女、あと５分で着くって連絡があったのに、まだ来ないよ。
205955	jpn	それがカナダのお金なの？
151359	jpn	私たちは彼が興奮するのは当然だと思った。
114881	jpn	彼はアパートを借りた。
5987994	jpn	私はビーガンです。
230340	jpn	あまり暗くて野球ができません。
103634	jpn	彼は親切にも道を案内してくれた。
167366	jpn	私が話しかけたら返事をしてください。
108909	jpn	彼は確かに目立ちたがり屋だが、親切で寛大である。
774408	jpn	囚人は鞭撻して答えた。
157112	jpn	私は行動する前に様々な要因を考えた。
988139	jpn	チロは猫なので、ライチが好きじゃありません。
178048	jpn	君の未来計画について話してください。
1132806	jpn	高熱で起き上がることもできず、一日中うつらうつらしていた。
83713	jpn	分かるような気がする。
122142	jpn	日曜日の晩に来られますか。
2461377	jpn	文法的には正しいのですが、ネイティブはこのような言い方はしません。
158505	jpn	私は医者になる決心をした。
157406	jpn	私は君や君の家族に会えるのを楽しみにしている。
76258	jpn	韓流ドラマブームに便乗して、韓国の製品を売る業者が増えた。
164654	jpn	私にはボランティア活動をしている友人がいる。
8692020	jpn	これって、いたずらのつもり？
190632	jpn	一行は、そのため、別のルートを取らねばならない。
226778	jpn	お年寄りのためにこの席は空けて置いてください。
229794	jpn	ある日彼がそこで彼女と会ったのは確かだった。
201900	jpn	ドアが突然マイクによってあけられました。
8613816	jpn	早く寝た。
189089	jpn	英語をマスターする事は簡単でない。
90904	jpn	彼女は何をそんなに知りたがっているのか。
870378	jpn	働かざるものは食うべからず。
173180	jpn	高木さん、ゴルフはやりますか。
224346	jpn	ここの本は学生が誰でも利用できます。
116328	jpn	彼の反対は思ったより激しかった。
148679	jpn	取り引きはまとまらなかった。
6583556	jpn	動物用のだけの食べ物を食べた時にゲロしたかったです。
8603607	jpn	トムはいつも礼儀正しい。
100693	jpn	彼は非常に変わった話し方をした。
209190	jpn	その少女は雇主の金をもって逃げた。
186544	jpn	荷物は届きましたか。
228794	jpn	いつまでご滞在ですか。
220407	jpn	この点で君に同意できない。
145993	jpn	植物の生長と生産性は、気温と湿度が作り出す入り組んだ関係に敏感に反応する。
98090	jpn	彼らはここで会を開いた。
212475	jpn	そのようにして事は起こったのです。
2223745	jpn	彼はほとんどお金を持っていないが、どうにかやりくりしている。
219571	jpn	この本は特に読むのが難しい。
140759	jpn	全部で20個の卵が必要です。
116983	jpn	彼の準備が間に合わないので私たちは彼を置いて出かけた。
201642	jpn	どうか戸を閉めてください。
88388	jpn	彼女は成長するにつれて次第に美しくなった。
866801	jpn	私はサングラスを持っている。
99855	jpn	彼は埋もれ木の生活を送った。
2217465	jpn	彼女は海外に住んでいる。
3452382	jpn	アリは自分の体重の５０倍以上の物を持ち上げることができる。
3614734	jpn	これはすごくおもしろい読み物です。
201147	jpn	どうやって時間をつぶそう？
889710	jpn	今日、何曜日？
8002490	jpn	すぐにボストンに訪れます。
8615869	jpn	トムは私のために夕飯を作っている。
118755	jpn	彼には扶養家族が多かった。
164163	jpn	私のタイプライターを使うのなら、一言そういえばいいのに。
208342	jpn	その騒がしいクラスで私の声は通らなかった。
152120	jpn	私を助けてくれたとき、彼は危険を冒した。
223829	jpn	このケーキは私には甘すぎる。
1675590	jpn	ルールがないと駄目だ！
102179	jpn	彼は遅刻の口実をこしらえた。
202931	jpn	ちょうどチェックインするところです。
84280	jpn	負け惜しみ。
182213	jpn	去年は雨が多かった。
214617	jpn	ステーキは私の好きな料理です。
216694	jpn	さらに、お年寄りが互いに交流し、アメリカの生活の中で何時までも積極的に参加していられるように、多くの団体が結成されている。
201135	jpn	どうやらおっしゃるとおりだと思います。
78814	jpn	要するに彼らは若すぎるということだ。
80319	jpn	明日会合があるということは了承済みだ。
792532	jpn	五月に彼は中国に行きます。
215759	jpn	しゃべるだけの日本語は出来る。
179585	jpn	銀行に行けばその５０ドルの小切手を現金に換えてくれる。
197177	jpn	ふさふさとしたまっすぐな銀髪をしていました。
110099	jpn	彼は胃ガンで死んだ。
227436	jpn	オレンジジュースと卵２個をオーバー・イージーでお願いする。
5018724	jpn	あんた、うちの家でなにやってんだ？
229682	jpn	あれは塔です。
137825	jpn	台所の中に入ってきてはいけません。
189201	jpn	英語というのは一朝一夕にマスターできるものではない。
86331	jpn	彼女は来年アメリカに行くのでしょうか。
116393	jpn	彼の読書は広範囲にわたる。
97641	jpn	彼らはみな武装している。
104047	jpn	彼は焼けているホテルに放水した。
211243	jpn	その計画は実施された。
77030	jpn	「じゃんけんね」「ぐー」「ちょ・・パー」「後出しかよ！」
115432	jpn	彼は大物だぜ。
84775	jpn	父は２、３日で戻ります。
5762764	jpn	誰か私のこと、呼んでる？
137515	jpn	大修館は新しい辞書を出版すると宣伝した。
101994	jpn	彼は底抜けの馬鹿だ。
8832215	jpn	こちらにどなたかお医者様はいらっしゃいませんか？
110147	jpn	彼は依頼人がどんな人間なのか想像してみた。
223901	jpn	このカップに尿をとってください。
3552049	jpn	犬が一匹欲しい。
186579	jpn	花子はまた傘を忘れてきた。
1689849	jpn	僕はグルテンにアレルギーがある。
8859012	jpn	トムったら、私を１時間も待たせたんだよ。
142175	jpn	赤ん坊は小さな手を差し出した。
221013	jpn	この真珠は本物そっくりだ。
2970686	jpn	トムは私に背を向けたまま頷いた。
109137	jpn	彼は我々に対し傲慢だ。
1484667	jpn	一人で解けた。
2624389	jpn	普通のことがまともにできないから個性だとか革新だとか言ってごまかしてるつもりになってる人って、よくいるよね。
4744163	jpn	子どもたちにとって、この世界は驚異と奇跡に満ちています。
3299825	jpn	人の顔と名前を覚えるスキルが欲しい。
200976	jpn	どこでも好きな所へ行け。
157992	jpn	私は火曜日までにこの本を読み終えているだろう。
146969	jpn	小型車のブームは終わろうとしている。
96782	jpn	彼らは森を歩き回った。
146759	jpn	少なくとも、その授業では眠らない。いいかね、私が講義をしているからだ。
223159	jpn	このホテルの宿泊料はいくらですか。
87887	jpn	彼女は注意が足りなかったから、試験にはとうてい合格できない。
166984	jpn	私たちの校長先生は授業はしません。
176979	jpn	君は彼に本当のことを言うべきだった。
195033	jpn	ミルクを一杯下さい。
202867	jpn	ちょっと、君。
203485	jpn	たとえ条件付きの妥協策だとしても、何も決めないよりはましだ。
106019	jpn	彼は私に生活費を切り詰めるようにといった。
1089540	jpn	私はバレーボールもバスケットボールも好きです。
110295	jpn	彼はわいろを取るような人ではない。
98958	jpn	彼は両足を縛られてそこに横たわっていた。
74998	jpn	現在は舞子に住んでいません。
146994	jpn	小さな村で彼の幸せが続いた。
230530	jpn	あの店は輸入品をたくさん売っています。
8625804	jpn	ドミトリー様、おはようございます。情報のご提供ありがとうございます。一度弊社の技術担当に見せて、対応可能かどうか相談してみますので少々お時間を下さい。ちなみにこの案件は、どちらの案件ですか？ロシアの話ですか？
221385	jpn	この車は新品同様だ。
138469	jpn	他人を批判するほど易しいことはない。
8075149	jpn	なんでなのか知りたかった。
123444	jpn	特別価格の見積りです。
231141	jpn	あの会社はみんなお偉いさんの肩書きばかりで、船頭多くて船進まずだ。
125129	jpn	天気のことはなりゆきに任せましょう。
1036839	jpn	この病気で数千の犠牲者が出た。
169903	jpn	昨夜近所で火事があった。
97203	jpn	彼らは互いに話し合っている。
205728	jpn	それで私は彼に怒っているのだ。
140546	jpn	早く出かけさえすればよい席がとれる。
108467	jpn	彼は急に泣き出した。
224083	jpn	この４語はたくさんの複雑な情報を伝えるばかりでなく、諺の持つ説得力もあるのである。
94428	jpn	彼女の考え方は首尾一貫している。
167953	jpn	私がちょうど寝ようとしていたときに電話がなった。
1233404	jpn	私のアルバムを見せてあげよう。
216290	jpn	しかし、彼は違った大きさや色の木製の留めくぎを見たことはあるかもしれない。
2177576	jpn	誰があなたの彼女ですか。
198427	jpn	パーティーを始めようぜ。
210236	jpn	その子は餓死しかかっているような様子をしていた。
103465	jpn	彼は数学が得意であることを誇りにしている。
113203	jpn	彼はそのことで神経をとがらせている。
1112634	jpn	靴を脱いだらきちっと揃えておきなさい。
226166	jpn	カリブ海には島が多い。
94031	jpn	彼女の鼻はまがっている。
170534	jpn	最高裁が人種分離教育を攻撃。
4215002	jpn	お婆さんは安堵の溜息をもらし、微笑んだ。
203034	jpn	チーズは牛乳で作る。
179691	jpn	金貨は思ったよりはるかに価値があった。
201465	jpn	どうして考えを改めたのですか。
107623	jpn	彼は厳格すぎた。
192329	jpn	レポートを書くのに四苦八苦した。
152503	jpn	私は友人の家に滞在している。
2141453	jpn	トムはメアリーの詩がわかっているような振りをした。
111572	jpn	彼はとても傷つきやすい性格です。
95088	jpn	彼女と言う人がぜんぜん分からなかった。
142076	jpn	切符売り場はどこですか。
200429	jpn	どのくらいでこの洗濯物は出来上がりますか。
190147	jpn	一般的に言って日本車は海外で人気が高い。
140922	jpn	善悪の見分けをつけるのはやさしいことではない。
233364	jpn	あなたの激励の言葉に励まされました。
115705	jpn	彼はアメリカ人ですか。
180306	jpn	教科書を正しく読みなさい。
224831	jpn	ごく常識的には、客２人に対して牛肉１ポンドを用意すべきだろうね。
2834310	jpn	コアラにはどうしておへそがないの？
142250	jpn	赤ちゃんはなぜ泣いているのですか。
7824103	jpn	トムは今よりすごい太っていた。
158425	jpn	私は一晩中おきていた。
161233	jpn	私はお前が失敗したから怒っているわけではない。
1068941	jpn	概算を教えてくれませんか。
222063	jpn	この言葉はふつうに使われていますか。
230753	jpn	あの人の動機が信用できなかった。
80347	jpn	明日雨が降るかわからない。
219744	jpn	この本の方があの本よりも古い。
2977046	jpn	シーフードが好きだな。
8899318	jpn	トムは自力でそれをやりたいんだよ。
157204	jpn	私は午後四時に球場に到着したが、試合はすでに始まっていた。
167493	jpn	私が彼に従わなければならない理由があるのですか。
5388383	jpn	雰囲気を壊さないで。
107014	jpn	彼は混乱の真っ只中にあっても冷静だ。
150274	jpn	次の瞬間ヘラクレスは怪獣を捕まえた。
154417	jpn	私は彼が通りを横断するのを見た。
2177929	jpn	カットされていないダイヤモンドは輝きはしない。
74556	jpn	革張りのソファにするか？布張りのソファにするか？
8731001	jpn	ジョンはメアリーにリンゴをやった。
227997	jpn	ええ。でも北海道より新潟のほうがもっと降りますよ。
143367	jpn	世界平和を望まない人はいない。
184398	jpn	学校は九時から始まります。
774544	jpn	この儘では誰もが、永遠の滅びを免れないことになります。
4670038	jpn	トムは上着のポケットから懐中電灯を取り出した。
235016	jpn	７カ国の首脳がその会議に出席した。
1207240	jpn	なんか大変だったみたいだけど、いい勉強になったんじゃないの？
182947	jpn	鬼に金棒。
153028	jpn	私は父にその映画を見てほしい。
4519426	jpn	幼児期について話してください。
106780	jpn	彼は昨日試合でけがをした。
123901	jpn	討論では自分の立場をはっきり述べなさい。
192029	jpn	わが軍は敵に夜襲をかけた。
141546	jpn	先生は生徒のなにも質問させなかった。
175813	jpn	結局は私の計画が採用された。
93092	jpn	彼女はお金持ちと結婚した。
106261	jpn	彼は私と一緒に事業をしていた。
151739	jpn	私達はどうにか彼女に知られずにそれを元に戻した。
918979	jpn	少し熱が、あります。
94894	jpn	彼女には頼れるものが誰もいなかった。
214955	jpn	すぐにここを立ち去りなさい。
7241257	jpn	なぜ彼らは怒っているの？
4782	jpn	僕は不幸かも知れないけれど自殺はしない。
5332	jpn	いくらですか？
1752878	jpn	道を渡る時、車に注意し過ぎなどということはない。
112782	jpn	彼はその事件と関係がないと公言した。
81406	jpn	妹に車で駅まで迎えに行かせます。
143581	jpn	数学が苦手なので家庭教師をつけてもらいたい。
93027	jpn	彼女はかなり人生経験をつんでいる。
147292	jpn	女王は昨日テレビで国民に演説した。
109235	jpn	彼は家族を喜ばせようという気持ちでいっぱいだ。
1123636	jpn	この近くにはいいレストランがたくさんあるんだ。
222303	jpn	この近くに日本のレストランが何軒かありますか。
145989	jpn	植物は水が無ければ枯れる。
235075	jpn	６月１６日のミーティングの最終議事事項をお送りします。
100162	jpn	彼は並外れた数学の才能を持っている。
185038	jpn	海上では激しい嵐だった。
2752777	jpn	過ぎたことは仕方ないよ。
220036	jpn	この部屋に１０人いる。
8468395	jpn	車が盗まれた。
103090	jpn	彼は説いて同意させた。
123418	jpn	独立して自分の力を試したらどうですか。
870605	jpn	富はあまたの苦痛を覆う。
997160	jpn	ネイティブの子どもは、何年も学んだ非ネイティブが知らず今後も知り得ないたくさんのことを自身の言語について知っているものだ。
3069848	jpn	僕は阿蘇山に登ったことがあります。
156306	jpn	私は自分が凄く有能だと思う。
205699	jpn	それについてどう思った。
2815705	jpn	「トムはどこ？」「僕が知るわけないじゃん」
150359	jpn	次に彼が来るときには家にいます。
80815	jpn	名案が突然彼女に浮かんだ。
159785	jpn	私はその話を暗唱することができた。
207763	jpn	その鳥の翼は折れていた。
234288	jpn	あと一台パソコンを購入する君の案はまったく問題にならない。
79944	jpn	目を覚ましてみると、彼は暗い部屋に閉じこめられていた。
124279	jpn	東京での生活に慣れましたか。
208847	jpn	その新しい方法は熟考に値する。
197763	jpn	パンダはささをえさにする。
94434	jpn	彼女の抗議にも関わらず彼は行った。
2121413	jpn	退職してうれしくないのですか。
121583	jpn	俳優達は舞台の上で待っている。
143368	jpn	世界平和を促進するために、努力しなければならない。
110950	jpn	彼はボストン行きの往復切符を買った。
6537574	jpn	トムがメアリーを蹴った。
191826	jpn	わたしはピザが大好きです。
186049	jpn	我々はその襲撃に対して準備ができていなかった。
78724	jpn	来てくださってありがとうございます。
148001	jpn	柔よく剛を制す。
2740721	jpn	おそらくトムのことを仰ってるんですよね。
195391	jpn	まだ歩けない。
213116	jpn	そのことを決めるのは君の役目だ。
8337045	jpn	サミーは慈悲の心一つ示さなかった。
2716112	jpn	トムとメアリーは毎日200通以上の携帯メールをやり取りしている。
1244246	jpn	仏蘭西で食べた菓子のうちで、僕がもつと食べたいと思ふのは、ブリオシユとババ・オオ・ロムと、それからマロン・グラアセである。
147012	jpn	小さな子どもは恐竜や他の怪物の本が好きなものである。
1487107	jpn	トムさんはメアリさんの新しい水着のきつさに驚きました。
79383	jpn	友人から借金しないほうがよい。
146734	jpn	少女たちのめいめいは人形を抱いている。
186450	jpn	我がチームに加わってくれたことをうれしく思います。
79498	jpn	薬が彼の病気を治した。
186866	jpn	科学は単に事実と方法論の集積では決してない。
1031259	jpn	彼らは電話でその件について話し合った。
160332	jpn	私はそのパーティーに出席しません。
165074	jpn	私たちは夜にはドアに鍵をかけます。
138032	jpn	太郎を除けば、次郎がいちばん背が高い。
90303	jpn	彼女は決して礼儀正しくない。
99128	jpn	彼は来月の末でここに１０年間住むことになる。
221202	jpn	この書類をめくってその問題を私に詳細に説明して下さい。
4751202	jpn	どう、仕事は？
148419	jpn	首相の辞任のニュースは私たちを驚かせた。
204124	jpn	そんな事しても利点がない。
175406	jpn	嫌そうに食事をするな。
145931	jpn	食べるためには生きなければならないと彼は言う。
206425	jpn	その問題は私にはわからなかった。
7490718	jpn	トムは風変わりな老人だ。
226807	jpn	お電話ありがとうございました。
179563	jpn	銀行は彼に５００ドル貸しつけた。
109182	jpn	彼は荷物を下に置いた。
235674	jpn	１年間の間に息子は頑強になった。
8763935	jpn	身動きが取れないの？
195641	jpn	まず、初めに、この本を読まなければならない。
88758	jpn	彼女は淑女であり、そのように待遇されるべきである。
2087129	jpn	トムはメアリーを抱いて敷居をまたいだ。
86274	jpn	彼女は両腕に赤ん坊を抱えていた。
4798194	jpn	車で寝ています。
106239	jpn	彼は私に、私が期待しているとおりのことを尋ねた。
157919	jpn	私は外に走って行って、タクシーをつかまえた。
217214	jpn	ご一緒できとてもうれしいです。
192100	jpn	ロンドンは霧で有名だ。
110869	jpn	彼はまずめったに床屋へ行かない。
1220855	jpn	すぐ出発してと彼に頼んだ。
8509033	jpn	お前をぶん殴りたい。
1889593	jpn	何をやってみたところで、私は禁煙できそうにない。
4090019	jpn	共産主義は失敗し、プロレタリア独裁は時代遅れとなったので、資本主義そのものは、未だ人類を脅かすものであるにもかかわらず、今迄のところ一番良い体制であることがわかる。
152583	jpn	私は網を手から放した。
2935135	jpn	トムは食べすぎが原因で病気になった。
198295	jpn	ばかなまね話はよせ。
113964	jpn	彼はきわめてすぐれた学者だ。
175360	jpn	犬が学校へ行く途中の女の子に飛びかかった。
220818	jpn	この川はあの川の３倍長い。
227253	jpn	お金はいくらかかってもかまいません。
185193	jpn	解答はすべて指示に従って書かねばならない。
146016	jpn	状況をどう分析しますか。
153985	jpn	私は彼の家を訪ねたが彼は不在だった。
100039	jpn	彼は法律の条文の意味に固執する。
179565	jpn	銀行は日曜にはやってません。
221650	jpn	この事故は運転者の不注意から起こった。
1533024	jpn	ハンバーガーを食べてから寝ました。
232300	jpn	向こうまで泳いで渡ることができますか。
8658133	jpn	君の声が聞こえる
3506572	jpn	まあ冷静になれよ。
148769	jpn	若かったらよかったのに。
203148	jpn	だれにも私の邪魔をさせないで。
220462	jpn	この定めから逃れないといけない。
98884	jpn	彼は労働の給料を何ももらわなかった。
120513	jpn	彼が学校へ出て来られないのはおかあさんが病気だからです。
1862818	jpn	釣魚島は古くから中国の固有領土である。
541636	jpn	私は自分の履歴書など気にしません。
220598	jpn	この地域は商店が多い。
79916	jpn	目覚し時計が鳴らなかったので寝過ごしてしまった。
145208	jpn	新入部員にクラブの規則をよくわからせる。
2240411	jpn	彼らは飼い猫たちにトムとジェリーと名付けた。
220192	jpn	この箱はあの箱の３倍の大きさです。
459036	jpn	過去に陸上自衛隊演習場で行われた射撃訓練で、砲弾が場外に着弾する事故が起きている。
162592	jpn	私の妹は有名な歌手だ。
85479	jpn	必ずテレビのスイッチを切りなさい。
145894	jpn	食べ物は飲み込む前にかまなければならない。
227739	jpn	おじいさんは火の近くでいつもの場所に座った。
96152	jpn	彼らは北極地方から南へとびます。
3642246	jpn	新しいクラスには慣れた？
209056	jpn	その少年は騒ぎ始めた。
179446	jpn	空に浮かぶ雲が美しい。
187901	jpn	何が彼女にプロポーズするように彼を誘惑したのか。
1237001	jpn	なんて美しい夜なのかしら。
188095	jpn	何がそこにありますか。
232839	jpn	あなたはいつか真実がわかるでしょう。
164054	jpn	私の意図は十分あなたに伝わった。
146305	jpn	象は非常に大きい動物である。
188956	jpn	駅で１時間待ったが彼は現れなかった。
8090467	jpn	パイナップルジャムって初めて食べました。おいしいですね！
218066	jpn	これは嵐の前の静けさだ。
93039	jpn	彼女はがっぽり稼いでいるよ。
126600	jpn	着実に働く者が結局は勝つ。
211359	jpn	その金を銀行に預けなさい。
124537	jpn	都市はその地震で壊滅した。
191668	jpn	われわれはまだ真相を知らない。
463479	jpn	その城の鍵を私にくれ！
78418	jpn	嵐はこの上もなく激しくなってきた。
97659	jpn	彼らはマンションの１２階に住んでいる。
2758870	jpn	私は体力があります。
190125	jpn	一番安い車を１週間借りたいんですが。
215234	jpn	ジョンは日本製の車をもっている。
4250950	jpn	これでいいだろう。
229839	jpn	ある団体が雨林を保護する運動を起こした。
203179	jpn	だれしも世の風潮には抵抗しがたいものだ。
210262	jpn	その子はおもちゃで遊んでいた。
774554	jpn	彼は自分の罪のために死なれたキリストを信じ、平安と希望に満たされつつ、一年後、天に召されて行きました。
79603	jpn	野菜でも肉類でも、よく噛んで食べることが何よりも大切である。
192545	jpn	リーダーはどこでテントを設営するか知っているべきだ。
6828208	jpn	先生が教えた。
210434	jpn	その惨事はあのテロリストのせいだ。
197740	jpn	パンはたくさんある。またバターについては十分すぎるほどある。
2290105	jpn	何時ごろ出かけるの?
220534	jpn	この町には非常に醜いところがいくつかある。
223909	jpn	このかごは、針金でできている。
208946	jpn	その場合には警察を呼びなさい。
115353	jpn	彼は「ハムレット」で好演した。
92104	jpn	彼女はついに北極に到達した。
8895520	jpn	フランス語で歌うことはあんまりないよ。
115867	jpn	彼の両親は彼の大学教育に備えて貯蓄をしている。
93832	jpn	彼女の話で楽しい子供時代を思い出した。
125306	jpn	敵を持ったことのないものには友はできない。
97327	jpn	彼らは境界を越えてスペインに入った。
105931	jpn	彼は私のせいにしようとした。
164537	jpn	私には彼が音楽好きに思える。
78448	jpn	嵐のために、私達は、時間通りに到着出来なかった。
146822	jpn	少し塩を入れれば風味がよくなると思いますか。
792477	jpn	いつか火星の地上に立つ誰かは夜空の地球の写真を撮る。
91887	jpn	彼女はトムに二度電話を入れた。
208068	jpn	その男は拘留された。
8766438	jpn	新しいバージョンはインストールするの簡単だった？
196436	jpn	ほかに痛いところはありますか。
218589	jpn	これはその問題と密接な関係がある。
200238	jpn	トミーは最後の問題に答えられなかった。
158962	jpn	私はベルを鳴らして待った。
235710	jpn	１等賞を得たのはジャネットだった。
891788	jpn	明日の朝九時から胃の検査を行いますので、前日の夜九時以降は何も飲んだり食べたりしないでください。
179666	jpn	金持ちになるにつれて、彼はますます欲深くなった。
146532	jpn	少年は恥ずかしがってテレビカメラを嫌がった。
79606	jpn	野口英世博士は１９２８年にアフリカで亡くなった。
232339	jpn	あなたはラジオを聞くのが好きですか。
96610	jpn	彼らは大したお金もなしにどうにか暮らしている。
2237996	jpn	申し訳ありません、ただいま満室です。
120446	jpn	彼が君の申し出を引き受けるのは請け合うよ。
120543	jpn	彼が会社の社長になれたのは、彼の努力と勤勉の賜物です。
171317	jpn	今年は失業者数が記録的になるだろう。
1170579	jpn	何言っても和製英語は日本語だ。
91556	jpn	彼女はベンチに座った。
150468	jpn	時差のある場合、電子メールが最も効果的で便利な手段ですので、メールを使って連絡をしてくださることを希望します。
124884	jpn	田中さんに電話をつないでください。
149696	jpn	自由にこの辞書を使いなさい。
105232	jpn	彼は自活するので精一杯だ。
110871	jpn	彼はますます有名になった。
204306	jpn	そんなにがつがつ食べるんじゃないよ。
108964	jpn	彼は外見はスポーツマンのようだった。
80862	jpn	その女の子が霧たちこめる森の中でなくなっちまった。
228251	jpn	うちでは万事旨く行っています。
1106406	jpn	彼はこないだ私に「明日この本を貸してあげるよ」と言った。
173593	jpn	抗生物質がなかったなら、医学はこんなに目覚しい進歩を遂げなかったであろう。
125416	jpn	提案があります。
177252	jpn	君は指示に従う事を身につけなければいけない。
105140	jpn	彼は自分が必ず試験に合格すると思っている。
210130	jpn	その子供は空腹で泣いていた。
147972	jpn	重体の赤ちゃんは医者の注意深い監視下に置かれていた。
143281	jpn	成功しようと思うなら、いいスタートを切らねばならない。
200160	jpn	トムのおばあさんは元気そうです。
104917	jpn	彼は自分の順番を待った。
139944	jpn	息子は仕方なく両親の希望に従った。
86690	jpn	彼女は僕を驚かせた。
104352	jpn	彼は十分な理由無しに私の申し出を断った。
1541819	jpn	私はチョコレートを食べる。
216812	jpn	サッカーはエキサイティングなスポーツです。
108864	jpn	彼は学校を卒業して世の中で成功したがってた。
137422	jpn	大雪のため各所で電線が切れた。
1186802	jpn	マニュアル車なんてもうかれこれ10年以上乗ってないから、運転できるか不安なんだけど。
115774	jpn	彼の話は奇妙に聞こえる。
207496	jpn	その島の経済は漁業に依存している。
174192	jpn	交換手は電話をカナダへつないでくれた。
190698	jpn	一つの事に専心して、それがうまくできるようにするべきだ。
534875	jpn	武田君はいつも露骨に怒りを表す。
173193	jpn	高速道路が渋滞している。
8831866	jpn	トムを連れてくるの？
234403	jpn	あそこに立っている男の子の名前をしっていますか。
78124	jpn	旅行中ローマへ行きましたか。
171127	jpn	今夜は温泉に入りたい気分だ。
122855	jpn	日食はまれにしか起こらない。
149451	jpn	実は私は嘘をついたのです。
145180	jpn	新聞どこ？
223880	jpn	このカメラは小さいが、大変優れている。
109826	jpn	彼は雨にもかかわらず時間どおりについた。
152376	jpn	私は落ち着き払っていた。
3488361	jpn	それ、いいね。
104925	jpn	彼は自分の車を持っている。
90717	jpn	彼女は学園祭で彼らと親しくなった。
124818	jpn	電車が遅れようと遅れまいと問題ではない。
8879832	jpn	図書館のこのエリアは一般公開されていません。
483414	jpn	彼への信頼を失った。
224305	jpn	ここは私の生まれた家です。
166776	jpn	私たちは、それを不可能と思ったことがない。
178880	jpn	君が必要な本は何でもお貸ししましょう。
88280	jpn	彼女は赤ん坊を背負っていた。
92171	jpn	彼女はたくさんハンカチを持っている。
211204	jpn	その警官は、その日は当直であった。
233199	jpn	あなたの出発の準備がすべて整うよう取り計らいます。
1630801	jpn	私はドイツ語を話せません。
8579812	jpn	悲しい時には泣けばいい。
173930	jpn	口に物を入れたままでしゃべってはいけない。
108887	jpn	彼は学校にバスで行きます。
152768	jpn	私は妹より早く出発した。
1184135	jpn	今はそうでもないが俺はこだわりの強いタイプではなかったろうか。
86364	jpn	彼女は踊るのを見られました。
7423726	jpn	いつその帽子を買ったの？
83869	jpn	腹が空いてから食ったんだ。
202598	jpn	つい最近のアメリカ旅行中に、私はジャックと親しくなった。
161983	jpn	私は2度パリに行ったことがあります。
3610563	jpn	宿題手伝ってくれてありがとう。
82596	jpn	帽子をなくしてしまった。
113579	jpn	彼はしばしば学校を休みます。
165465	jpn	私たちは台風で家の屋根を壊されました。
189191	jpn	英語のスピーチをしたことがありますか。
202087	jpn	でも高いよ。
162891	jpn	私の父は１９４１年に松山で生まれました。
3449661	jpn	毎年夏が来るとあの子のことを思い出す。
196161	jpn	ほとんどすべての日本人が髪が黒い。
84024	jpn	風にゆれるあの花々をごらんなさい。
2596685	jpn	フランス語は全然喋らない。
212564	jpn	そのメロンは甘い香りがして、とても味が良い。
415142	jpn	私は真面目なＯＬで、家庭では良妻賢母です。
160811	jpn	私はこの電話を使うのを禁じられている。
151571	jpn	私達は健康です。
211588	jpn	その看護婦は病人をとても優しく世話した。
110471	jpn	彼はよい奥さんを選んだ。
229957	jpn	ある４月の天気の良い日に、私は散歩に出かけた。
651912	jpn	仕事で遅くなったせいで、私がいつも見ている連続番組を見逃すのは嫌だ。
200195	jpn	トムだけでなく奥さんからもお金を借りた。
2298199	jpn	私は和食で育った。
3452364	jpn	次のボストン行きはいつですか。
122975	jpn	肉体は滅びるが霊魂は不滅である。
1247673	jpn	彼のスピーチに深い感銘を受けた。
1683402	jpn	私は何が起こるかを見たかっただけです。
172360	jpn	今週末でいくらかお金を貸してくれませんか。
122125	jpn	日曜日は郵便業務がありますか。
102477	jpn	彼は大したミュージシャンではないと思う。
2504606	jpn	トムは本の虫だ。
102751	jpn	彼は息子たちにひどいことをした。
75737	jpn	君の不首尾は承知している。
171560	jpn	今日は早めに退出するつもりだ。
117711	jpn	彼の計画は資金不足のため失敗した。
182908	jpn	義務を怠ってはならない。
2706841	jpn	トムは警察で拷問を受けた。
97866	jpn	彼らはその日暮らしをしている。
193766	jpn	もし安全ベルトがなかったら、私は今日生きていないだろう。
93112	jpn	彼女はおびえただけだ、けがはなかった。
208823	jpn	その新聞は済みましたか。
8613412	jpn	うちの家から富士山が見えるんだよ。
2680359	jpn	ありがとうございます。お手数おかけしました。
223203	jpn	このペンは私のです。
225265	jpn	けさはみなさんに思いやりを示しますよ。
159115	jpn	私はバスを運転することが出来ない。
1089455	jpn	アルバル・アールトというのはだれですか。
2068110	jpn	ペルーへ行ったことがありますか。
169194	jpn	仕事がとてもうまくいったので、彼はいまだによい暮らしをしています。
98028	jpn	彼らはすぐに買っておいた食料品を使い果たしてしまった。
154291	jpn	私は彼に、親に頼らないように忠告した。
3147257	jpn	半袖で来ればよかった。
142645	jpn	聖職者は人生の落伍者の方に味方して、勝利者を説得し、歩み寄らせることを生業としているようにおもえる。
205569	jpn	それはあなたのナイフではない。
220784	jpn	この洗濯機は使えません。
212208	jpn	その液はいやな臭いを発した。
226022	jpn	きっと見つけることができると思います。
81628	jpn	本を再び読み続けた。
101919	jpn	彼は天文学の専門家だ。
1137079	jpn	気が変わったんだ。
197100	jpn	フライポテトのラージサイズをください。
1752925	jpn	君たち二人は何してるんだい？
172650	jpn	今は仕事を辞めたいとは思わない。
205209	jpn	それは高くない。
235393	jpn	２本の道が十文字に交差している。
8569439	jpn	兵士になったことある？
176216	jpn	警察はたちまち彼らを見破った。
215352	jpn	ジョンはポケットから鍵を取り出した。
207401	jpn	その謎の解き方が分からない。
232772	jpn	あなたはお立ちになる必要はありません。
233182	jpn	あなたの上司の計画はいかがですか。
145312	jpn	新しく来た課長は部下の仕事のあら捜しばかりしているようだ。
207248	jpn	その買い物は結局高くついた。
1513294	jpn	彼は間違いなく試験に合格するのでしょう。
126058	jpn	聴衆は演奏者に拍手を送った。
236622	jpn	「ここだわ。ちょうどここがいい」と孫娘はいいました。
120320	jpn	彼が始終文句を言うので私の怒りが爆発した。
188438	jpn	屋根の上には鳥が一羽みえる。
8794783	jpn	トムはマジでメアリーと結婚してるの？
168369	jpn	市は月曜ごとに立つ。
196028	jpn	ボブはめったに両親に手紙を書かない。
75167	jpn	従姉妹にはね、もの凄いボインボインな子がいるんだよ？
173006	jpn	国連は一つの国際的機能である。
229372	jpn	いい加減に寝たら。
184373	jpn	学校へ行く途中でトムに会った。
207792	jpn	その町は山のふもとにあります。
183789	jpn	観衆はみんな興奮した。
142886	jpn	正直は美徳のひとつです。
222004	jpn	この公園はあれよりも美しい。
215868	jpn	ジャックがこの窓を壊したのは、昨日だった。
169627	jpn	昨夜何時に寝ましたか。
151502	jpn	私達は市全体が見えるくらい高くまで登った。
3467070	jpn	地方自治体が中央政府に従うことが必ずしも正しいとは、私は思わない。
121833	jpn	年をとるにつれて、人はだんだん無邪気でなくなる。
106754	jpn	彼は昨年北海道にいましたか。
162620	jpn	私の妹は、祖母に似ている。
1579094	jpn	自分が如何に幸せな国に住んでいるかをあなたはわかっていない。
91387	jpn	彼女はもう会社に着いているはずだ。
108772	jpn	彼は感謝の印として私にいくらかのお金を差し出した。
234780	jpn	Ｖの角度が広ければ広いほど、スピードは緩やかになる。
86052	jpn	彼等にあんなに迷惑をかけてすまなく思う。
80841	jpn	娘さんはいつ成人されましたか。
113338	jpn	彼はすべての科目で、とりわけ数学で、良い成績を修めた。
170462	jpn	最初の議題は、教育委員会によって提出された動議です。
75492	jpn	正門前には、まだ人の姿もない。
193992	jpn	もう彼は卒業したのだからまじめにならなければだめだ。
195538	jpn	彼らは彼に聞きました。
97263	jpn	彼らは結婚してボストン近くに住みついた。
144957	jpn	真夜中までにもどりなさい。そうしないと、閉めだしますよ。
206299	jpn	その薬は人間に対してはまだ実験していない。
99075	jpn	彼は理性的な人だ。
228872	jpn	いったん入れてからではミルクをコーヒーから分けることはできない。
8899326	jpn	６時を過ぎたところだよ。
6832871	jpn	あれは豊かな家庭です。
127283	jpn	暖炉の前の席がありますか。
880129	jpn	忘れないでください。
109714	jpn	彼は英語とフランス語をしゃべることができます。
223265	jpn	このビンの中には少量のウイスキーがある。
3467015	jpn	池の周りには木がたくさんある。
206603	jpn	その本を彼から取り返した。
231496	jpn	あなたは来年はイギリスへ行かなければならないでしょう。
200261	jpn	どの道に進んでも最善を尽くすべきだ。
195071	jpn	みなさん最後まで御付き合いください。
98933	jpn	彼は力だけでは誰にも劣らない。
217118	jpn	ご親切ありがとう存じます。
149222	jpn	社会における変化は個人から生じる。
123799	jpn	働くより仕方ない。
222513	jpn	この机は木製だ。
166422	jpn	私たちはその曲にあわせて踊った。
2760582	jpn	トムは医者になった。
74955	jpn	或る夕暮私はこの丘の上に立ったことがある。
236300	jpn	「私はとても幸運だわ」と彼女は心の中で思った。
7554243	jpn	トムは手話を学んだ。
81358	jpn	毎月何回ぐらい君は映画へ行くか。
103508	jpn	彼は図書館から借りた本をまだ返却していないのか。
91614	jpn	彼女はブラインドを降ろした。
235815	jpn	１回できたよ。
84503	jpn	父は私に多額の財産を残してくれた。
1681185	jpn	明日はトルコに行って来ます。
193906	jpn	もしあなたの助けがなかったら、わたしはそれをすることはできなかったのに。
3080934	jpn	芸術作品の価値は、作品それ自体が変わらなくとも、作者によって提示されるアイデンティティーによって大きく変わり得る。
186077	jpn	我々はそこに彼を行かせた。
7834223	jpn	トムはここ、ボストンで働いていますか？
171865	jpn	今日の青年は学問を軽視する傾向がある。
1429042	jpn	彼女はオウムをペットとして飼っている。
2208120	jpn	「コーヒーを持ってきてあげるよ。」「どうもありがとう。」
75850	jpn	田中前外相の更迭に続く政治混乱がその象徴である。
1627427	jpn	彼は鍵を鍵穴に差し込んだ。
184390	jpn	学校は私の家から歩いていける距離だ。
202233	jpn	てっきりあなたが我々といっしょに来られるものと思っていました。
117109	jpn	彼の失敗は辞職という結果になった。
3059299	jpn	「マサチューセッツ」ってどう綴るんですか？
203189	jpn	だれが選ばれるかについては疑いはない。
184077	jpn	株式市場は活況を呈している。
127100	jpn	知ってることと教えることは違う。
158971	jpn	歴史上最も偉大な作曲家はベートーヴェンだと思っています。
157455	jpn	私は君に何から何まで恩恵を受けている。
225134	jpn	ケンは子供たちにすきなようにやらせておくので、子供たちは夜遅くまで起きている。
141850	jpn	先週でした。
176535	jpn	掲示には「全席予約済み」とあった。
111392	jpn	彼はなんて早く走るんでしょう。
87312	jpn	彼女は彼の姉ではなく母親です。
216148	jpn	シドニーの空気は東京の空気よりきれいです。
7558239	jpn	景気がよくなっている。
193962	jpn	モーツアルトのように３歳のときにピアノを習い始めたのですか。
137778	jpn	台風は西の方向に移動した。
169565	jpn	鮭を３切れ下さい。
433700	jpn	図星ですか？
119941	jpn	彼が成功したのは、才能より不断の努力のおかげだ。
3456445	jpn	私は日本語を学びたい。
205416	jpn	それはナンセンスだ。ばか者以外の誰もそれを信じないであろう。
8571206	jpn	後ろにいてね。
1174266	jpn	先月引っ越しました。
236918	jpn	私はもうそこには行かないだろう。
3491551	jpn	トムはため息をついた。
229602	jpn	アンタは私が三〇才のときの子だよ。
909472	jpn	勉強するって言ってた割には、全然進んでないじゃないの。
178671	jpn	君には愛想がつきたよ。
3281203	jpn	こちらにサインをいただけますか？
156465	jpn	私は試しに逆立ちしてみた。
94943	jpn	彼女には事の善し悪しがわからない。
196464	jpn	ボールは彼の頭の左側に当たった。
230123	jpn	アメリカ人たる私は、リンカーンがすばらしい人だと思う。
155798	jpn	私は植木が好きだ。
1902980	jpn	昨日、田中こうへいに似てるって言われた。
157082	jpn	私は今すぐそれをします。
7551825	jpn	このジャケットが欲しいです。
2349195	jpn	ミネソタ州の州鳥は蚊です。
212309	jpn	その噂はなんの根拠もなかった。
113665	jpn	彼はご機嫌取りに懸命だった。
2734431	jpn	トムの書斎は裏庭に面している。
141532	jpn	先生は禎子の手からそっと折り紙を取り、「もう休みなさい」と言った。
227907	jpn	エリオットさんの助手として働いている。
1537193	jpn	彼女の夫は、彼女が出してくれたものは全部食べている。
3168596	jpn	そんな彼氏とは絶対別れた方がいいよ。
490787	jpn	彼はすべてを明らかにして潔く責任を取るべきです。
235561	jpn	２４時間営業ですか。
185901	jpn	我々は群衆の中で彼女を見失った。
8225010	jpn	今回の取締役の人選は見事だ。
1678507	jpn	よく書ける鉛筆は私ものです。
82941	jpn	母は私の髪の毛を短く切りました。
3169395	jpn	今夜はよく眠れそうな気がする。
2291326	jpn	彼は２年前海外へ行った。
193602	jpn	もし車が故障したら、歩きます。
180113	jpn	橋は燃えチャンスはめったに訪れない。
76801	jpn	カーペットには埃を吸収するダストポケット効果があり、埃の飛散を防ぐ特長があるのだが、それが仇になった結果といえる。
80866	jpn	霧が深かったので、歩いている人たちの姿を似分けるのは困難だった。
107214	jpn	彼は今ごろはニューヨークに着いているはずなのに。
222810	jpn	この家は住むのにとても快適だ。
672303	jpn	明日、携帯買うんだよ。
116697	jpn	彼の生命は私の手中にある。
4252783	jpn	その町は鉄鋼業の中心地である。
228121	jpn	うつ伏せになってください。
90251	jpn	彼女は犬に餌をやるのを忘れた。
143609	jpn	睡眠は薬に勝る。
165871	jpn	私たちは原子力エネルギーを利用すべきだ。
138110	jpn	太陽は月より大きい。
212368	jpn	その意見はいかにも彼らしい。
5870414	jpn	ほしいほどお金を払ってくれません。
172585	jpn	今までのところ彼は学校では仲良くやっている。
216050	jpn	ジムだけでなく、彼の両親も病気だ。
100416	jpn	彼は浮気の事で攻撃の的になっている。
204160	jpn	そんな気分じゃないんだ。
207779	jpn	その町を色にたとえていうと、ワインレッドかな、こう、なんか気品があって、落ち着くのよね。
87428	jpn	彼女は彼にまきを割らせた。
203768	jpn	たくさんの水が必要である。
125937	jpn	長い長い間私は待たされた。
165540	jpn	私たちは雪の中にクマの足跡を見つけた。
177165	jpn	君は借金を返さなければならない。
152746	jpn	私は毎朝９時に職場につく。
98463	jpn	彼らの生活様式は私たちの生活様式とは違う。
211958	jpn	その火山は今年２度噴火した。
223233	jpn	このフレーズの意味はどうなるでしょうか。
191737	jpn	われわれが毎日の生活で話している言葉についてはどんなに多く知っても知りすぎるということはない。
787229	jpn	結婚式かもしれません。
78676	jpn	来月休暇を取ります。
197895	jpn	バラのように美しい。
159959	jpn	私はその知らせを聞いて驚いた。
149289	jpn	実践的見地からすれば彼の計画は実行しにくい。
8532674	jpn	興味ないわ。
168750	jpn	子供たちはもう学校へ行った。
112484	jpn	彼はその討論に参加した。
166126	jpn	私たちはよく映画に行って楽しんだものだ。
2985915	jpn	例によって、トムは朝早く起きて泳いだ。
169900	jpn	昨日見たニュースに衝撃を受けた。
200575	jpn	とても天気がよい日だったので、私たちはピクニックをすることに決めた。
2575117	jpn	フランス語を教えている。
227941	jpn	えみがすぐ現われることを望みます。もう待ちくたびれました。
236303	jpn	「私の名刺です。追加情報があったらいつでも連絡下さい」と記者は言った。
8601936	jpn	どうやって彼女と知り合ったの？
8074926	jpn	本を買いたかった。
86302	jpn	彼女は流行に敏感である。
8888452	jpn	すみません、あの映画の上映はもう終わったのでしょうか。
3703418	jpn	私のこと嫌いなの？
215043	jpn	スープがなべでぐつぐつ煮えている。
97916	jpn	彼らはその事実を知っているらしい。
112169	jpn	彼はそれを全く理解できないようだ。
997815	jpn	彼女は彼に愛していると云って欲しかった。
1678934	jpn	足の裏を滑らかにするために、軽石でこする。
1222214	jpn	僕は伊勢えびにアレルギーがあります。
3165591	jpn	待っててくれたの？ ありがとう！
174913	jpn	現在のその市の財政は芳しくない。
175718	jpn	彼女の後頭部の傷から血が流れている。
2345932	jpn	お母さんはいらっしゃいますか？
201704	jpn	どういう始まりであったにせよバレンタインデーには長いロマンチックな歴史がある。
182225	jpn	去年の夏私は農場でアルバイトをした。
99695	jpn	彼は無知を装ったが、そのことが私をさらに怒らせた。
97780	jpn	彼らはテントを張る場所を探していた。
206909	jpn	その物音をいつ聞いたのですか。
224267	jpn	ここへは手紙は正午頃配達される。
231087	jpn	あの橋はこの橋の半分の長さである。
209803	jpn	その事実はまだ知られていない。
136867	jpn	誰が知るものか。
8810236	jpn	昨日の夜、トムに電話したって本当なの？
192323	jpn	レモンは酸っぱい。
139062	jpn	彼はよくテレビに出ます。
109805	jpn	彼は嘘をつき続けた。
228582	jpn	いない者の話をすると現われる。
86338	jpn	彼女は来週パーティーを催す。
4879	jpn	私の母はあまり英語が上手に話せない。
156994	jpn	私は今朝学校に遅れました。
157745	jpn	私は帰国してからとても忙しい。
2853027	jpn	トムは自分の失敗を先生のせいにした。
166948	jpn	私たちの車は後１０分でガソリンを使い果たした。
171629	jpn	今日は昨日の寒さとはうって変わった陽気だ。
5118	jpn	元気？旅行は良かった？
186063	jpn	我々はその建物への秘密の通路を発見した。
177491	jpn	君はよくなる見込みが十分ある。
124397	jpn	党派は二つに分裂した。
148294	jpn	収穫高が少なかったため、小麦の値段が、ここ６か月で値上がりした。
206035	jpn	その話は誰でも知っている有名な話だ。
97217	jpn	彼らは顧客との関係を向上させようと絶えず努力している。
1632389	jpn	猫は、耳が二つある。
176710	jpn	群衆の中に彼を捜そうとしても無駄だ。
1874101	jpn	それでは、君は彼女にすぐに戻って来てもらいたいのか？
191293	jpn	暗くなってからは外出するな。
84377	jpn	父は壁を白く塗った。
146198	jpn	上野の桜は今が見ごろだ。
105427	jpn	彼は試験に合格できなかった。
2451921	jpn	この砂利道は来年舗装されるだろう。
1251867	jpn	彼はキッチンにいる。
78464	jpn	嵐が起ころうとしている。
112313	jpn	彼はその役職を辞した。
197707	jpn	ピーターとエバは似合いのカップルだ。
205528	jpn	それはお気の毒に。お体を大切に。
117137	jpn	彼の事務所は駅のすぐ近くで便利だ。
116327	jpn	彼の批判は犬の遠吠えだ。
125239	jpn	鉄橋が川にかけられた。
3495537	jpn	トムを連れ戻してきて。
81657	jpn	本の貸出しは１度に５冊までですよ。
77170	jpn	話し方で彼だと分かる。
997284	jpn	あなたの友だちは何時に帰りましたか？
170956	jpn	彼女はいつも些細なことで悩んでいる。
92186	jpn	彼女はタオルで顔を拭いた。
98313	jpn	彼らは、姫路城に行く。
102929	jpn	彼は全財産を息子に譲り渡した。
113146	jpn	彼はそのバスに乗るために急いだ。
1487304	jpn	何かを食べてもいいんですか。
195973	jpn	ほら！あの娘はいけそうだ。
146890	jpn	小麦粉とミルクと卵でケーキは作れる。
96165	jpn	彼らは方位磁石のようなものをもっているのですか。
176521	jpn	景気はどうですか。
2509607	jpn	年寄りの犬が吠えた。
137328	jpn	大統領は新計画を提案した。
105825	jpn	彼は私の仕事の邪魔をすることがよくある。
75026	jpn	文字を大きくし、文字間や行間に余裕をもたせ、高齢者の方や、視力に障害のある方が読み易いように注意しました。
88947	jpn	彼女は自分をうまく表現しようと頑張った。
1177406	jpn	シャーレイとアランは結ばれるだろうと以前からずっと思っていた。
164007	jpn	私の家の後ろには教会がある。
186964	jpn	家事をするより勤めに出たほうが楽だ。
227502	jpn	おもい出したくない。怒りで気がちがいそうになる。
181914	jpn	それは誉め言葉として受け取っておこう。
149414	jpn	実を言うと、わたしは母にしかられたのだ。
2884010	jpn	急がなくていいよ。ゆっくり食べな。
8597086	jpn	あなたと一緒に過ごすのが好き。
971369	jpn	無知ゆえに刑罰を免れるということはない。
175275	jpn	犬は見知らぬ人の匂いをかいだ。
175140	jpn	見知らぬ人が駅への道を尋ねた。
204414	jpn	そんなことで頭を悩ます必要はない。
198466	jpn	パーティーの準備しとくよ。
537020	jpn	あれは父の働いているビルです。
193467	jpn	もし必要なら、彼に会いに行きます。
166820	jpn	私たちの毎月の収入は、食料、部屋代、衣料、交通費などをカバーできなければならない。
219627	jpn	この本は子供でも読めるほどやさしい。
138129	jpn	太陽の熱がなかったら、地上の生物はどうなるだろう。
74427	jpn	50分の模擬試験に挑戦して、試験であなたの実力がどれくらいかがわかります。
146005	jpn	蒸気ボイラーは爆発する可能性がある。
223304	jpn	このハンカチは洗ってもきれいにならなかった。
203655	jpn	ただいま品切れだ。
213621	jpn	そこはめったに雨が降らない。
605941	jpn	酔って来ると、随分面白い坊主で、いろんなことをしゃべり出す。
232988	jpn	あなたの名前はリストからはずされた。
193296	jpn	もっと運動をしないと太るよ。
172233	jpn	今朝起きたら雨が激しく降っていました。
217112	jpn	ご親切にはお礼の申しようもありません。
185857	jpn	我々は攻撃に備えた。
215340	jpn	ジョンはわずかな資金でやりくりしなければならない。
165110	jpn	私たちは毎年展覧会を開く。
201891	jpn	ドアが閉まろうとしている。
147117	jpn	商品に関するお問い合わせは、フリーダイヤルをご利用ください。
153313	jpn	私は彼女のすばやい反応にびっくりした。
215177	jpn	シンガポールでは通りにゴミを散らかすと罰金を課せられる。
225366	jpn	ケイトはなくしていた時計を見つけた。
2161174	jpn	トムは自分の冗談に誰も笑わなかったことが信じられなかった。
210960	jpn	その犬は地面をくんくん嗅いだ。
86580	jpn	彼女は娘にパソコンを買ってやった。
179678	jpn	金持ちか貧乏かによって、ものの見方が違うものだ。
752212	jpn	太陽が大好きです。
8553717	jpn	トムは私のドレスが気に入らないと言った。
102211	jpn	彼は致命傷を負った。
111202	jpn	彼はビールで酔っていた。
225783	jpn	きょうは暖かいから火はいらない。
6860349	jpn	遠出の準備をしてください。
191109	jpn	委員会は、大気汚染を抑制するために互いに協力し合うよう各国に要請した。
1513031	jpn	私は寝ないで勉強します｡
172207	jpn	今通った家の人をご存知ですか。
205211	jpn	それはいけませんね。
102706	jpn	彼は息子を正式の相続人と認めた。
104640	jpn	彼は車を運転できる年になった。
173504	jpn	紅茶とコーヒーとどっちが好きですか。
168019	jpn	私がこれらの皿を片付けましょう。
89096	jpn	彼女は自分で編んだセーターを着ていた。
223611	jpn	このセーターはどう思う？
147623	jpn	春の雨が花に生気をよみがえらせた。
404560	jpn	あなたは妊娠中絶に賛成ですか、反対ですか。
118245	jpn	彼のほうには何の間違いもなかった。
231933	jpn	あなたは私をまったくの初心者と思っているのか。
1244237	jpn	僕は小供の時分、どんな菓子がすきだつたか、今思ひ出さうとしても思ひ出せない。
2250468	jpn	トムはボストンでの生活について多くの質問をメアリーにたずねた。
186221	jpn	我々の町は活断層の上にある。
125618	jpn	通りを横断するときには、いくら注意してもしすぎることはない。
233170	jpn	あなたの新しい友達は、あなたのすることを見て笑うことがあるかもしれません。
163114	jpn	私の体重は５８キログラムです。
4292076	jpn	彼の首を切り終わった後，ボクは自分が射精していたことに気がついたのです・・・。
217849	jpn	これらの人々が３艘の船で彼の国へやってきました。
115203	jpn	彼は２、３日したら帰ってくるでしょう。
215928	jpn	ジムは目覚めると、自分が部屋に１人なのに気がついた。
207002	jpn	その部屋からは湖のながめが良い。
1057312	jpn	ジョンはアメリカ人の男の子です。
211874	jpn	その会合は、中止になった。
220065	jpn	この部の責任者は誰か。
216049	jpn	ジムというのはジェームスを短くしたものだ。
231829	jpn	あなたは食卓の用意をするのを手伝わなければいけない。
232347	jpn	あなたはユーモアのセンスが抜群です。
655800	jpn	彼が中国から帰って来た。
147898	jpn	宿の主人は召使い達にがなりたてた。
206262	jpn	その要求に対して怒った。
230142	jpn	アメリカ経済はしっかりしていますよ。
125058	jpn	天候が許せば、明日出発します。
118169	jpn	彼の意見はいつも役に立たない。
107021	jpn	彼は根っからの親切だ。
223671	jpn	このスーツケース、お持ちしましょう。
7136362	jpn	改装のため閉店致します。
193754	jpn	もし仮に外国に住むことになれば、イギリスに住むだろう。
2659324	jpn	トムはもう始めている。
202408	jpn	テーブルの上にオレンジがある。
6850143	jpn	トムは誰を探しているのか教えてくれなかった。
169767	jpn	昨年故郷に帰ったが、村も人もすっかり変わっているのに驚いた。
162157	jpn	私は、貧しくとも幸せだ。
530984	jpn	彼は家が恋しいに違いない。
2718483	jpn	12月3日は国際障害者デーです。
122824	jpn	日本でいちばん高い建物は何ですか。
90051	jpn	彼女は今し方外出しました。
8913590	jpn	目をそらすことができない。
141432	jpn	千人もの人がそこにいた。
162867	jpn	私の父はとても上手に泳ぐ。
146777	jpn	少し歩くと湖についた。
991996	jpn	彼は高らかにその詩を読み上げた。
215379	jpn	ジョンはチェスが得意だ。
3452331	jpn	ジントニックを作るには何がいるの？
144244	jpn	人間は理性の動物である。
8851065	jpn	トムと私はピアノリサイタルに行ったんだ。
211169	jpn	その劇で彼女は女中と女店員との二役を努めた。
102275	jpn	彼は単語リストから選び出した単語を結びつけたり、一字一字アルファベットを組み合わせて単語をつづることができた。
7838831	jpn	トムは疲れていて、僕も疲れている。
8218388	jpn	彼は大学に勤めています。
224478	jpn	ここにちょっとした痛みがあります。
630597	jpn	私は孤独を感じた。
8607099	jpn	トムは何かがプールに浮いているのを見た。
2290031	jpn	あいつには二度と会いたくない。
122348	jpn	日本語の新聞はないのですか。
8724460	jpn	プロフィール写真、変えた方がいいんじゃないかと思うけどな。
166225	jpn	私たちはひじょうに悲しいときに泣きます。
216094	jpn	しばらく私の代わりに子供から目を離さないで下さい。
199479	jpn	どんなものでも、スポーツはいやです。
3554373	jpn	「ベトナム料理って食べたことあった？」「いや、今日初めて食べた」「おいしかったでしょ？」「うん、めっちゃおいしかった」
120529	jpn	彼が怪しいと思う。
114377	jpn	彼はいわゆるりっぱな紳士だ。
90170	jpn	彼女は後で私の真意に気づくでしょう。
170087	jpn	昨日その窓をこわしたのはジャックです。
94541	jpn	彼女の願いがとうとう実現された。
209760	jpn	その時あなたは学校にいましたか。
8215929	jpn	このことは誰にも話してはいけない。
8513520	jpn	教室に来た時には、彼女はすでにいませんでした。
2690806	jpn	トムは小さな村に住んでいる。
1192030	jpn	彼は彼女よりこのポストに相応しくない。
229358	jpn	いい子にしていたら、あめをあげよう。
93204	jpn	彼女はいつ結婚したのですか。
8635536	jpn	それ、してみたいな。
224458	jpn	ここには何を書けばよいか教えていただけますか。
231241	jpn	あのような間違いを犯すなんて君も愚かだったね。
216358	jpn	しかし、アメリカではふつう、スポーツチームは腕で選ばれ、学業のコースは学力によって選ばれます。
1073492	jpn	彼女は無関心を装った。
92343	jpn	彼女はその痛みを立派に耐えた。
187888	jpn	何か僕らが話し合うべきことがあるはずだ。
143934	jpn	人柄のほうが財産よりも重要である。
225482	jpn	クリスマスおめでとうございます。
94581	jpn	彼女の頑固な性格を考慮に入れるべきだよ。
198375	jpn	タクシーが使われていますか？はい、使われています。
