4087543	por	Eu passei a maior parte da minha vida aqui em Boston.
7556591	por	Você gostaria de tentar algo diferente?
7331488	por	Você teve alguma sorte?
2039799	por	Você deve me contar.
3416494	por	Não há nada a ser dito.
7880625	por	Então o faraó acordou e viu que tinha sido um sonho.
1050618	por	Parecia meio nervoso ontem.
889288	por	Ela o acordou.
6917272	por	O que aquelas crianças estão fazendo?
2453895	por	Me dá um martelo.
8083131	por	É melhor você vir mais tarde.
2483492	por	Poderia ser armadilha.
3244160	por	Peça desculpas ao Tom.
4378579	por	Sou um detetive.
4861219	por	Não me diga o que devo fazer.
6936605	por	Acho que você está pronta.
8058999	por	Preciso ver tudo.
6378274	por	O senhor sabe como se faz isso?
8232898	por	Você nunca me disse o nome da sua namorada.
5935129	por	Acima de minha cabeça, o céu azul; sob meus pés, a grama verde.
429627	por	Intuitivamente, ele sabia que ela estava a mentir.
2453639	por	Finalmente tenho tempo para responder às correspondências que eu recebi durante estas três semanas.
8093917	por	O que bebes?
3009284	por	Toda Dalecarlia, na Suécia, está repleta de atrações.
4538169	por	As borboletas vivem por quanto tempo?
3260864	por	Com paciência conquista-se a ciência.
8332246	por	Eu não disse que você estava mentindo.
8645489	por	Nós não comemos carne de porco.
3999403	por	Ela quer um chapéu novo.
6462650	por	O cocuruto é a parte mais alta da cabeça.
970293	por	Tenho certeza de que a vi há dois anos.
7308994	por	A culpa é deles.
4368250	por	Nós falamos sobre isto antes.
1822559	por	O relógio é à prova d'água; não enguiça, pois.
6370339	por	Eu gostei bastante do livro. Contém muitos pontos de contato com minha própria vida.
931881	por	Quem é o homem tocando violino?
879773	por	Fiquei surpreso ao ouvir que as pessoas realmente não comem verduras.
4455936	por	Eu deveria deixá-los ir?
4825192	por	Fiz brownies.
7029992	por	A Língua Portuguesa é, neste momento, utilizada por 261 milhões de pessoas, sendo a quarta língua mais falada no mundo.
5205445	por	Vocês me chamaram?
6026735	por	Tom deixou Maria dirigir.
4357256	por	Tu és alemão, não és?
2698030	por	Ela me telefonou muito tarde ontem à noite.
4816854	por	Eu quero ouvir o resto da estória.
2440274	por	Vocês estão progredindo.
5471460	por	Vencemos três equipes.
2804270	por	Como saímos desta situação?
870715	por	Ela tem orgulho da filha.
2817427	por	Como estou doente, não irei com você.
4982805	por	Em quanto tempo a Terra dá uma volta em torno dela mesma?
5063479	por	Eu apaguei a vela.
1658787	por	Hokkaido está situada ao norte de Honshu.
7330402	por	O Tom sabe que a Mary fez isso?
7051188	por	Quantos passarinhos há no ninho?
1882791	por	Ele aparece na TV com frequência.
1558982	por	Os sapatos de Maria estão sujos.
3847411	por	Acabei de ler o livro há pouco.
3972176	por	Chegou o empregado que você contratou ontem.
3453950	por	Tom não sabia onde estava seu guarda-chuva.
6049863	por	Perdoe o atraso! Dormi demais.
1248886	por	Ela está escrevendo um livro agora.
8246936	por	É essencial colocar essas pessoas de lado.
2155420	por	Lavam as mãos.
3490343	por	Estou tendo uma ideia.
4793178	por	Você leu o novo livro de Tom Jackson?
2500583	por	O diabo é um esquilo.
4746913	por	Tom quebrou algo novamente.
1305883	por	Eu tenho um amigo cujo pai é um famoso pianista.
3191497	por	Posso participar?
6129476	por	A crença predominante desde a dissolução da União Soviética é que outro mundo não é possível.
8062315	por	Quando o Tom poderá fazer isso?
5995387	por	Tô aqui toda noite.
5610124	por	Nós deveríamos tentar novamente?
6554482	por	Sabes como isso aconteceu?
8086071	por	Farás todo o teu trabalho durante seis dias da semana; mas o sétimo dia da semana é o dia de descanso, dedicado ao Senhor teu Deus. Não farás nenhum trabalho nesse dia, nem tu, nem teus filhos, nem tuas filhas, nem teus escravos, nem tuas escravas, nem teus animais, nem os estrangeiros que morarem em tuas cidades.
3152107	por	A navegação foi temporariamente interrompida.
1161364	por	Quem são os que vão ser enviados?
3087002	por	Os planadores, aeroplanos sem motor, são maravilhosas máquinas voadoras. É o mais perto que se pode chegar de ser um pássaro.
6970833	por	Eu vou explicar isso depois.
1234924	por	Vou ficar aqui até depois de amanhã.
4599449	por	Fiquei profundamente comovido com o discurso dele.
4353275	por	Quase todos eram pobres, e apenas uma centena pagou o preço da assinatura.
8904126	por	Quantos você disse que estavam lá?
4512269	por	Ele a desvirginou quando ela acabava de fazer dezenove anos.
8169405	por	Não arranca folhas do caderno!
2812018	por	Quero mesmo saber.
1926616	por	Eu e o Tom somos bons amigos.
3191065	por	Esta cama é muito curta para mim.
4878325	por	Tom sabe consertar qualquer coisa.
8195457	por	Isto é pura bobagem.
7124322	por	Jura?
3341577	por	Temos muitas coisas em comum e confesso que isso me assusta.
6369067	por	Qual é o seu salário?
981545	por	A tarefa é para daqui a duas semanas.
5981642	por	O poder está nas mãos de quem confia em Deus.
1792296	por	Qual a distância daqui a Ueno?
7225085	por	Quando você descobriu que o Tom não tinha passaporte?
1351060	por	Bom dia, Georges. Como vai?
1091314	por	Os prisioneiros chegaram ao presídio.
8765828	por	E o frágil coração sangra até hoje – esse feitiço é mal sem cura.
1674065	por	Ontem aconteceu um acidente horrível na rodovia.
6951140	por	O Tom encontrou uma maneira fácil de fazer dinheiro.
4985631	por	"O que você disse?" "Eu não disse nada."
3699699	por	Nossa universidade tem um belo campus.
1602354	por	Por favor me de uma foto sua para eu não esquecer como você se parece.
5946115	por	Venha, eu te dou uma carona.
6205877	por	Na próxima semana, vou me dar ao incômodo de voltar ao dentista.
4505673	por	Aprende-se por meio da experiência.
6712820	por	Sami descrevia Layla como uma pessoa quase inacreditavelmente malvada.
1491782	por	Álcool nunca mais!
3805785	por	O Tom estava surpreso que a Mary ainda estava acordada.
5119239	por	Espere. Eu vou escovar os dentes.
5332037	por	Você acha que Tom gosta de Maria?
2658870	por	Você é um talento único e, por consequência, inimitável e, sobretudo, insubstituível.
8797304	por	Toda vez que ele vem aqui, ele pede o mesmo prato.
6147442	por	Eu moro aqui desde que me casei.
4910822	por	Não é possível que você ainda não tenha terminado a lição de casa.
5912678	por	Tom é seu melhor amigo, não é?
2707874	por	Lembre disso.
1013716	por	Prefiro falar por telefone a digitar no MSN.
6760925	por	Você gostaria de mais arroz?
985947	por	Você não pode mudar meu jeito de ser.
5908721	por	É aí que o sapato aperta.
3389062	por	Você estragou tudo, Tom.
7830222	por	Eu não tenho muito tempo para almoçar.
7086171	por	Estais metidos em sarilhos.
3441784	por	O futebol se renova.
2105875	por	As palavras que diz têm fundamento.
4587567	por	Me desculpe pelo atraso.
1229878	por	O sol está nascendo.
6455899	por	Alguém deveria tirar aquele cachorro da miséria.
8597882	por	Eu queria te avisar.
7090084	por	Não conheço aquela música.
1215137	por	Por que os homens nunca são felizes? Porque eles sempre querem o impossível.
1601255	por	De vez em quando é necessário depender de outros.
4599457	por	Você tem certeza de que não quer nada?
1697842	por	Qual sua música favorita?
2474505	por	Ele tentou compensar o tempo perdido.
7024592	por	Ele veio para a América através do Canadá.
8511761	por	Vou fazer isso sozinho.
1654619	por	Ela mandou o chefe para aquele lugar e foi demitida.
7673325	por	Queremos reservar uma viagem para a Turquia.
8288604	por	O que você faz á tarde?
3488554	por	Eu realmente não quero sentar no fundo do ônibus.
1909803	por	Está perto.
8649508	por	Eu costumo sentar nos fundos.
6158618	por	Elas vão molhar o jardim.
7139290	por	Isto é uma pipa.
3776792	por	Todo mundo na cidade só falava daquele belíssimo tecido.
1374534	por	Eu sempre chegava cansado.
1163433	por	Pronomes pessoais: “mi”, “vi”, “li”, “ŝi”, “ĝi” (para objeto ou animal), “si”, “ni”, “vi”, “ili”, “oni”; os possessivos formam-se pelo acréscimo da terminação adjetiva.
2162253	por	O meu pai parou de beber.
6934940	por	Faz frio na Alemanha?
5033437	por	Qual é a idade de seus pais?
5184825	por	Tom dormiu como uma criança.
3149667	por	Shane mostra que é um covarde.
1583904	por	Sempre ouço música clássica antes de dormir e posso dizer que isso me faz muito bem.
5305992	por	O que você anda fazendo?
7347520	por	O Tom está quase sempre em casa.
341138	por	Está frio.
5211880	por	Tom me pediu que estivesse com ele.
7998786	por	Suplicai ao Senhor! Basta dessas terríveis trovoadas de granizo! Eu vos deixarei partir; não ficareis aqui mais tempo.
8166498	por	Sentimos falta de ti.
5155127	por	Isso não poderia acontecer.
351208	por	Rosa Montero é uma mulher extraordinária.
3763257	por	Não consigo acreditar que ele se foi.
1622345	por	Tudo o que você está fazendo é tentar fugir da realidade.
7073638	por	Os guardanapos são de papel branco.
4918764	por	A reconciliação entre as religiões é fundamental para a paz mundial.
994568	por	Quando morávamos naquele sítio, ouvíamos vozes todas as noites.
3866886	por	Eu preciso ir ao banco para sacar dinheiro.
7138571	por	Isto é um sinal.
968655	por	Ele deixou a porta aberta.
1396875	por	Quem é esta senhora?
4926365	por	Tom acusou Mary de roubar o seu dinheiro.
3856409	por	Será que ela faltará hoje de novo?
7313168	por	Nunca mais fui a casa dos meus avós.
1378509	por	Veio só um candidato, os outros não se apresentaram.
1056071	por	As linhas paralelas não se cruzam.
8674386	por	Quero ser jornalista.
6305940	por	Que querem os senhores, exatamente, que eu faça?
2960943	por	Tom foi na frente e eu o segui.
6677246	por	Isso levou meses.
5883809	por	Era o dia antes de Acção de Graças.
6323137	por	O que você andou aprontando?
3108906	por	Tenho uma pergunta a lhe fazer.
5907966	por	Espera-se que a esposa se mantenha ao lado do marido.
3689855	por	Deixe para mim um pouco de sorvete.
6480250	por	"Eu vos ensinarei… Antes, porém, / cumpre acalmar as ondas que inquietastes. / Depois me pagareis por faltas tais / em moeda bem diversa."
4850595	por	Estou muito zangado mesmo!
4818280	por	Eu odeio ficar sozinho no Dia dos Namorados.
1693366	por	Anote o número de série no espaço fornecido abaixo.
1483287	por	Oxalá fosse mais alto.
4809908	por	Esse trem está lotado, vamos pegar o próximo.
8126992	por	Amor e conhecimento são infinitos e podemos ter os dois.
1176583	por	Gatos não precisam de coleiras.
5279114	por	Ele avistou por acaso uma borboleta rara.
6143517	por	Tom não poderia ter feito isso sozinho, eu acho.
7086895	por	Vim de carro.
1718484	por	Você já pintou o seu cabelo de vermelho?
1905744	por	O preto é a soma de todas as cores, ou melhor, o branco.
5150278	por	Eu não suporto este lugar.
1001891	por	Estas cinzas vulcânicas imobilizaram o tráfego aéreo.
1039980	por	Me ajude, por favor!
3840669	por	Ele não está aqui, está?
8912062	por	Eu não sabia nada sobre aquilo.
3215048	por	Mary vai lavar louças.
986000	por	De que jeito você estuda?
7445377	por	Espero que Tom possa conseguir ajuda.
7220420	por	Eu ainda não consigo acreditar que o Tom não venceu.
4120845	por	Para se livrarem da perseguição, eles emborcaram o barco do templo de Astarte.
1571558	por	Você trabalhou muito esta semana.
1247187	por	Meu gato não come alimentos secos.
1148547	por	O lago tem 100 metros de diâmetro.
4873225	por	Não vá por aí!
984196	por	Estes não são seus garfos.
8268899	por	O Sami quer ir ao cinema com a Layla.
7285653	por	O que vai pensar o marido da senhora?
4796851	por	Eu conheço apenas uma maneira de fazer isso.
1580311	por	Quando nós vamos para casa?
5301862	por	Tom precisa engolir a pílula amarga.
8787272	por	Notei que Tom estava fazendo algo que não devia estar fazendo.
4952430	por	Tom me pegou.
8493919	por	Ele é um mecânico.
8781396	por	Agora fazemos tudo online.
1247943	por	Ela me pediu desculpas por ter pisado no meu pé.
8094125	por	O Tom parece-se muito contigo.
1394460	por	Vi-o há três anos.
4945508	por	Passe-o para mim.
5223564	por	Primeiro, o tribuno militar, de nome Valério, consultou o cônsul.
2849286	por	Há quantos garotos na sua turma?
1582476	por	Ela se casou aos 17 anos.
5284428	por	Ele tem carro.
5321852	por	Mesmo com os problemas econômicos do Brasil, a multidão no Maracanã foi presenteada com um espetáculo que combinou luzes, fogos de artifício, dança e música.
2774619	por	Um jardineiro cuida deste terreno.
2471491	por	Eu já disse tudo o que eu sei!
4533525	por	Dá pra parar com isso?
4892470	por	Nós precisamos de tempo.
8502650	por	Você não quer ser famosa?
1021104	por	Ela era tanto inteligente como bonita.
7901575	por	O monge faz muitas orações por dia.
5025960	por	Eu estou cansado de estudar.
391299	por	Ela vai começar a sua licença maternidade na próxima semana.
2911353	por	Nancy quer um par de sapatos vermelhos.
1305266	por	Quem quebrou esta caneta?
2828574	por	Temo que eu tenha algumas notícias muito ruins.
3448054	por	Posso vir mais tarde?
8066970	por	Elas amam o trabalho deles.
3092619	por	Você está começando a testar minha paciência
1782082	por	O um vem antes do dois.
5287911	por	Tenho três caixas de livros para vender.
4671467	por	Odeio fazer isso.
2686134	por	Não mude por causa de alguém. Seja você e a pessoa certa gostará de você do jeito que é.
1914346	por	Vejo o meu jardim.
1822825	por	A casa onde mora está mais para uma mansão.
6813877	por	Tom diz que você é uma má influência para mim.
4579185	por	O cão preto vê o gato branco.
913761	por	Você já esteve no Tokyo Dome?
7052191	por	Gostaria de um gelado.
1418685	por	Ele confessou que era culpado.
6299034	por	Eu costumo acordar às seis horas.
1381643	por	Então!
5486783	por	Tom não está fazendo um bom trabalho.
523950	por	Caminhar é um bom exercício.
7905015	por	O que você acha do meu conto?
5106609	por	Maria escutou um barulho.
6058430	por	Você sabe onde eu moro.
5806754	por	Eu tenho que discordar.
7065755	por	Não te deixes enganar.
6943719	por	Ele é muito peralta.
2210332	por	Se eles souberem, vocês também saberão.
8170491	por	Não existe vida sem morte.
8311251	por	Esta terra encontra-se muito acidentada.
3214818	por	Está chovendo, mas ela não está usando um casaco.
2868818	por	Você rouba, não rouba?
4040380	por	Passamos o dia todo jogando pôquer.
5156380	por	Tom está dançando.
5257298	por	Eu não sou o Messias, mas aquele que foi enviado antes dele.
7923870	por	Eles foram em direção à saída.
5328051	por	Por favor, espere trinta minutos.
8616788	por	Ela tem boa voz.
1050290	por	O lápis entorta e não quebra.
8107627	por	Seu esporte favorito é futsal, que ele pratica na escolinha. Que bonito vê-lo a jogar! Como fica com mais luz a quadra quando ele está no time, e a bola até parece que rola, mais submissa, ao seu comando.
7135274	por	Sou farmacêutico.
7673290	por	Queremos reservar uma viagem para a Líbia.
5028294	por	Eu vou confiar em você.
6907569	por	Eu sempre quis conhecer outro país.
8067054	por	Sempre falo com ela.
1076972	por	A impressora da gráfica deu defeito.
7527312	por	Claro que lhe perdoei.
925966	por	Traga-me um giz.
7234975	por	Elas estão satisfeitas.
978117	por	Ele é a honestidade personificada.
5014881	por	Diga à sua irmã que ela está com a calcinha aparecendo.
4248411	por	Uma arma pode ser útil.
4810064	por	Eu estou lendo o seu livro.
7256226	por	Passa a noite conosco e te levarei de manhã.
2741851	por	Desça do carro!
3317779	por	Fique com o meu cartão.
4147928	por	Eu te reconheci pela voz.
2688082	por	O sol reaquecerá essa água.
1031872	por	Eles vão lançar um satélite artificial amanhã.
7262214	por	O Tom viu a Mary primeiro.
1208877	por	Eu gosto deste tipo de maçã.
2851219	por	Eu não converso com o Tom faz tempo.
7073731	por	O Tomás não gosta de pescar.
2484937	por	Ela tentou, em vão, não chorar.
7339471	por	Tom e Mary são ambos carpinteiros.
8204680	por	Você pode fazer!
5273784	por	Tom estava fora de si.
6297474	por	O médico aconselhou-o a trabalhar menos.
1718423	por	Você já sentiu tontura num avião?
2457869	por	Os gêmeos são realmente parecidos.
8611851	por	As flautas não estão tocando juntas.
3337867	por	O que você está fazendo tão cedo?
6321735	por	Você sabe em que restaurante o Tom almoça?
5138939	por	Eles podem precisar de algo para comer.
6174022	por	As palavras dele me incentivaram.
1080259	por	Estou cozinhando a carne na panela de pressão.
1701102	por	Dedico esta canção à minha gente.
5408687	por	Eu escovei os cabelos dela.
3455543	por	Você tem que encontrá-lo antes dele.
4949936	por	Não tem ninguém na sala de estar, mas a TV está ligada.
1693812	por	Onde posso comprá-lo?
7101009	por	Concluiu o curso com nota máxima porque tinha uma grande cabeça.
3580265	por	Não se preocupe muito de mim.
4562567	por	Eu gostaria de visitar Boston.
4367872	por	Chegava agora um médico popular. De muitos, ele chegou até a salvar a visão. Em breve, sua sala de espera ficaria cheia de manhã à noite. Ele se tornou um verdadeiro benfeitor.
3274603	por	Tenho estudado inglês por quatro anos.
4479643	por	Tom é bom, mas não o bastante.
2880614	por	O outono tem sua beleza.
5893766	por	Encontrar Fadil não é difícil.
6475299	por	Tom ainda me telefona de vez em quando.
5167865	por	Eu faço isso o tempo todo.
8094211	por	És uma naba.
7826288	por	Eu me sentiria honrado se você fosse comigo ao parque.
6928101	por	Abram esta porta.
7099458	por	Vocês não vão ficar, vão?
1926858	por	Obriguei-a a tocar piano.
998087	por	Não obstante à doença, resolveu comparecer ao casamento.
5129364	por	O Tom está adiantado.
2064328	por	Aonde vamos nos dirigir?
1167636	por	Estou apertado para ir ao banheiro.
7562120	por	Preciso que você me ajude amanhã.
957093	por	Eu consegui o livro.
7099738	por	Programação é difícil?
5969947	por	Lave as janelas.
4778001	por	Qual o seu emprego dos sonhos?
952613	por	Desde que soube que existe a universidade, quero ir para lá.
4745222	por	Tem algo em seu cabelo.
5314589	por	Feng Je, campeão das barras paralelas, acrescenta que “todos os vasos sanitários no local de treinamento estão entupidos e, por isso, tudo está fechado”, e que “os membros das equipes femininas não têm outra coisa a fazer senão voltar para a vila”.
1489029	por	Ele era o mais forte. Ganhou a partida.
1455858	por	Você quer casar-se comigo?
7450696	por	Olhe como chove!
1150851	por	Acho assim!
7234472	por	Já terminei todas as aulas.
3192821	por	Dê o sinal de partida!
7088068	por	Vais sozinho?
6742494	por	Eu quero saber tudo.
405240	por	Os humanos não foram feitos para viver para sempre.
1488704	por	Por que ela fez isso?
7351868	por	Nós já passamos por isso.
1705347	por	Ela aprende rápido.
6563505	por	Você bebe café, não bebe?
8493740	por	Eu não consigo me logar na minha conta.
8037597	por	Quando preciso devolver o livro?
4973413	por	Tom irá ajudar a Mary.
7313080	por	Nunca mais estive com o meu pai.
7283508	por	Sois um desastre na cozinha.
1701209	por	O grupo era composto de quatro jovens varões.
6061345	por	Terei de fazer justiça com as próprias mãos.
2044169	por	No lançamento de um dado de seis faces não viciado, os números ímpares, eles têm as mesmas chances de sair que os números pares.
6780754	por	Vá lá comigo.
1622349	por	Ele está tentando manter dois empregos.
4445142	por	Ele é o proprietário da empresa.
2849250	por	Talvez isso seja um problema real.
1488172	por	Sua meia está com um buraco grande.
3816667	por	Não vai demorar.
2660136	por	Quantos livros você lê por mês?
8140718	por	Parecia que Mary precisava de ajuda.
2607193	por	Vou tentar mudar o formato do arquivo então.
4384822	por	Ele sabe como cavalgar em um camelo.
7313908	por	Preciso de estar com os meus genros.
1413057	por	Tom não fez mais do que se queixar.
3782993	por	Eu nunca estive em Boston.
6805986	por	Tom vai ter que fazer isso.
2900936	por	Faço as coisas do meu jeito.
8156709	por	Mary diz que planeja ficar onde ela está.
6319490	por	Como posso imprimir meu "curriculum vitae"?
8084266	por	Eu não acho que o Tom esteja vivo.
1983763	por	Por vezes, o meu avô fala sozinho quando está só.
8912164	por	Eu nunca fui lá outra vez.
8713508	por	Precisamos manter nossas cidades limpas.
5458006	por	Se eu fosse você, eu seguiria o conselho de Tom.
8482312	por	O álcool é uma droga.
7260905	por	Os senhores imaginam que eu não sei por que se divorciaram?
5261158	por	Tom abotoou o seu casaco.
1829790	por	A gente estava muito feliz.
1388535	por	Estou mal.
7843451	por	Venha de novo!
5115685	por	O que aconteceu durante a reunião?
1491740	por	Especialistas poloneses trabalham na África.
6131213	por	Este é o meu filho caríssimo.
2105607	por	"Você liga que eu fume?" "De forma alguma. Adiante."
8482334	por	O amor é uma droga poderosa.
6158616	por	Eles vão regar o jardim.
7002672	por	Não me recordo da letra da canção.
8238600	por	Podemos ir um pouco mais rápido?
1909745	por	Tom disse que entende como se sente.
8064386	por	Você terá que trabalhar todos os dias.
1669616	por	Eu te disse!
4962016	por	Tom não estava lá.
8134817	por	Digam a ela que vocês não estão prontos.
6611010	por	Tom sabia que Maria não podia comer nozes.
8472734	por	Eu serei o teu pior pesadelo.
5309415	por	Que vista linda!
6078709	por	Depois da morte de Herodes, um anjo do Senhor apareceu em sonho a José.
970401	por	Poderia repetir a pergunta?
8308772	por	A tagarelice online sobre questões polémicas está a atingir um nível de febre.
4418172	por	Ontem à tarde, eu vi escrito em uma placa "Vende-si cazas" e fiquei perplexo.
5152293	por	O que eu farei em Roma?
8604635	por	Eu sei que vocês não estavam mentindo.
5312688	por	Maria não quis ser médica, como sua mãe.
803878	por	Isso tem de mudar.
1587088	por	Hoje aprenderemos três palavras novas.
4799970	por	Poderia esperar um momento?
8800073	por	Tom nunca parece ficar bravo.
6696018	por	Tom é grande o suficiente para fazer isso sozinho.
7367567	por	Tenho que te mandar o relatório por e-mail?
5900778	por	O que você escreveu?
5389210	por	Isso não foi uma ordem – apenas uma sugestão.
3493864	por	Tom não o pegou.
1161958	por	Eu serei amada.
1480901	por	Quando eu era uma criança, acreditava em Papai Noel.
2474134	por	Abaixem as armas!
2668394	por	As árvores impedem-no de ver o bosque.
5933421	por	Ela é meio indecisa, não?
3245463	por	Somos convidados a seguir as pegadas do passado: amor, tristeza, alegria e esperança, pegadas que sobreviveram aos pés que as produziram. Quem seguirá nossas pegadas?
8177271	por	A corrida armamentista custa muito caro.
868692	por	Meu pai nunca estivera fora até então.
2595197	por	Eu não estou orgulhoso do que fiz.
729680	por	Que idioma falam no Egito?
6712346	por	Seja você mesmo. Especialmente, não finja afeição. Nem seja cínico sobre o amor; pois em face de toda aridez e desencanto ele é perene como a grama.
8292160	por	Quantos anos tem esse guarda-chuva?
2695020	por	A escrita cuneiforme foi usada por mais de 22 séculos.
6388519	por	Quem quer que pense faz pensar.
2610275	por	Espera-me à porta.
4816317	por	Sei quem é.
7002427	por	Sou um mestre de culinária.
1797444	por	Eu resolvi os exercícios rapidamente.
6475637	por	Eu prefiro não discutir isso agora.
5000175	por	Mike tem duas amigas.
978848	por	A pombinha pôs seu ovos fora do ninho.
870649	por	As nossas negociações para reduzir as tarifas de exportação sofreram um grande baque.
1608913	por	Eu gosto de ser parte deste grupo.
8157750	por	Tom está com sono, e ele provavelmente deveria dizer isso a Mary.
1046059	por	Nomes de variáveis na linguagem C são case sensitive.
6152072	por	Eu não conheço nenhum de vocês.
8651553	por	Naquele tempo, ciganices eram punidas a todo rigor.
4597683	por	Venham amanhã.
960331	por	Nasci em Osaka em 5 de março de 1977.
8067149	por	Ele sempre pensa antes de falar.
1194107	por	Eu espero que esse tempo tempestuoso não se prolongue.
6742995	por	Eu estou vendo a praia!
7657615	por	Quero fazer parte de algo maior.
2623696	por	Algeme-o.
1382081	por	Como é chamada a palavra que mostra que um substantivo já se encontra no texto anterior, ou que a pessoa ou o objeto referido já é conhecido?
5957371	por	Elas sabem que vocês estão aqui?
7082507	por	Onde fica o cemitério?
1446696	por	Você já ligou para ele?
2211152	por	Ele vai voltar quando tiver fome.
8639385	por	Você sabe por que temos que fazer isso?
5894420	por	Fadil dormia profundamente.
3142978	por	Ainda há algumas tribos hostis naquela ilha.
4968730	por	Eu quero ir para Marte.
8786520	por	Eu esqueci que tenho uma memória a curto prazo ruim.
1587115	por	Ele é pequeno e fraco.
1378707	por	Os primeiros esperantistas eram principalmente russos, suecos e alemães.
1005267	por	Ela me fez esperar mais de uma hora.
1859549	por	Ela respondeu a ele com uma fria civilidade.
1917054	por	Eu não suporto o senhor.
1847962	por	Leia o artigo!
391336	por	Eu não quero fazer nada arriscado.
2720460	por	Ele saiu para dar um passeio.
4388151	por	Você tem água.
2815491	por	Eu tenho que usar francês todo dia no trabalho.
3875947	por	Dormir é um modo interino de morrer.
8133199	por	Há pouca chance de sucesso.
6742946	por	Não faria isso se eu fosse você.
6182128	por	Vocês acham que isso está errado?
1693575	por	Pare de utilizar o dispositivo e desconecte o cabo de alimentação AC da tomada de corrente elétrica imediatamente se o dispositivo funcionar de maneira anormal ou produzir sons ou odores incomuns.
7869867	por	Mas Rúben, ouvindo isso, procurou salvá-lo dos irmãos, dizendo: Não atentemos contra a vida dele.
7563705	por	Eu preciso muito de você.
6811856	por	O WhatsApp pertence ao Facebook.
7856932	por	Me acostumei com o calor.
1324305	por	Durante uma viagem de trem se pode matar o tempo com uma leitura.
8655725	por	A casa de Tom é branca.
2440203	por	Eu quero saber quem o mandou.
6586932	por	Tom foi abandonado?
3095119	por	Ele me disse em que pé estão as coisas.
1419498	por	José errou todos os chutes.
1581005	por	Preencha-o, por favor.
7011772	por	A linguagem utilizada pelas personagens comprova o seu estatuto social.
4685882	por	Tudo o que ele vê atiça a sua curiosidade.
1825606	por	Quero conhecê-las.
2168807	por	Sérgio está aqui há uma semana.
977947	por	Sua teoria baseia-se nos fatos.
374970	por	A construção de uma autoestrada contribuirá para o crescimento dos subúrbios.
2702864	por	Tom está repetindo o que disse.
6670394	por	Por que você pensa isso?
6318505	por	Você teve pesadelos.
5834606	por	Tom achou que eu comi o pedaço de bolo dele.
6219910	por	Amor é tormento, falta de amor é morte.
7845972	por	Ele morou no exterior a maior parte de sua vida.
7041807	por	Ele leu dois capítulos dos Anais de Tácito.
3696683	por	Um pouco de companhia seria bonito.
5025982	por	Tom queria perder peso.
1421468	por	O idoso se perdeu na floresta?
8611707	por	Tem quarenta e sete alunos na nossa turma.
1458130	por	Aconteceu exatamente assim.
8301203	por	Eu peguei minha bicicleta e me sentei em um banco.
6015028	por	Ela tornou-se uma mulher.
4785115	por	Tom e Maria eram noivos.
1909647	por	Isso não está no arquivo.
6130287	por	Nós poderíamos, naturalmente, apresentar ainda muitos outros exemplos.
2583516	por	Eu não pretendo fazer tal coisa.
3186831	por	Estou de acordo com sua opinião.
8191424	por	Há um grupo de pessoas correndo pela praia.
3408274	por	Preciso de um cochilo.
4581917	por	Tom estava mentindo.
8364162	por	Washington era o homem mais famoso nos Estados Unidos,
5532351	por	Nós somos amigos muito próximos.
7664346	por	Vocês cooperam.
2441719	por	O comboio das 9:35 pára em Bambury.
2179897	por	Elas não têm uma casa onde morar.
4290104	por	Não conseguia comer mais nada.
6993818	por	Eu não sei porque não estava lá.
907291	por	Você o conhecia?
3144871	por	O espírito se aprimora por meio da conversação.
2145653	por	Quantas pessoas há na foto?
8062708	por	Nós só precisamos de um pouco mais de tempo.
8062665	por	Não tão curto.
3020338	por	Depois de muita insistência, Maria finalmente aceitou o pedido de casamento de Tom.
3896474	por	Pai, o que você está fazendo?
8523372	por	Ele carregava o filho nas costas.
2676590	por	A casa é bonita, mas excede nossas possibilidades econômicas.
5539511	por	Precisamos de mais professores como você.
7901753	por	— Quieto — Tom sussurou.
1161742	por	Hoje é sábado, e amanhã será domingo.
3448678	por	Tom chegará em breve.
6956472	por	Isso é um grande alívio.
4025493	por	O Tom tem o gosto pelo sensacional.
1683018	por	Seu cabelo é tão comprido que rela no chão.
5359743	por	Eu nem mesmo sei quem roubou e o quê.
8674168	por	Eu gosto da sua companhia.
5864965	por	O mundo é um lugar maravilhoso.
1487922	por	Ela é muito boa nadadora.
5320090	por	Qual cidade é a mais próxima a Barcelona?
7297301	por	Ela teve cuidado ao atravessar a praça.
1417369	por	As flores atraem abelhas.
977192	por	A cocaína é uma planta de folhas ovais.
1380119	por	Árvore má a gente arranca juntamente com a raiz.
5266343	por	Lá fora o frio está realmente de rachar.
2479210	por	Desculpe-nos, ainda não está pronto. Um dos empregados não veio hoje, por isso estamos um pouco atrasados com o trabalho.
1146548	por	Muitas felicidades pelo Ano Novo!
2033255	por	Eu não queria te assustar.
3658216	por	Faça-o agora mesmo.
1112880	por	Como isso pode afetá-los?
1916105	por	O meu gato está me seguindo.
2165193	por	Eles quererão puni-lo.
2679630	por	Não gosto da cidade que ele vive.
2431144	por	Pouco a pouco o vento foi parando.
3268717	por	A cor da pele, permitindo distinguir o autóctone do estrangeiro, ajudou a preservar a unidade nacional mais que a religião, que se pode adotar, ou a língua, que se pode aprender.
5516008	por	Nós moramos no terceiro andar.
7555799	por	Estou com muita vontade de ajudar o time a conquistar títulos.
1656813	por	Isso soa justo.
1700920	por	Você realmente precisa de um psiquiatra.
2599130	por	O futuro não existe. É o que nós fazemos.
6165336	por	Qualquer pessoa que deixe de aprender é velha, tenha vinte ou oitenta anos de idade. Qualquer um que continue aprendendo permanece jovem.
1302367	por	A mão tem cinco dedos: o polegar, o índice, o médio, o anular e o mínimo.
3070836	por	Que a mão direita não saiba o que faz a esquerda.
3215200	por	Quantas ele quer?
1421443	por	Não o temos visto desde então.
5049168	por	Os igarapés são rios mansos que fluem na floresta.
7360563	por	Você pode vir conosco.
4083419	por	É lamentável que ele não tenha dado nada.
4931963	por	Esse novo modelo está disponível no mercado?
5319718	por	Você acredita que o mundo está chegando ao fim?
7105780	por	Os meninos lançam balões.
3097211	por	Ele me disse coisas inaceitáveis.
654803	por	Ele tem um cachorro.
7821820	por	John é o meu nome.
8568552	por	Sou um péssimo cantor.
951554	por	Um deles é um ator que vai fingir que mata alguém.
2115078	por	Deveríamos fazer algo assim.
2192285	por	Onde está tua bebida?
2810763	por	Notícias ruins chegam cedo.
6758246	por	Tom provavelmente sabe que eu não gosto dele.
1612985	por	Meu avô paterno dava a vida pela esposa, filhos e netos.
2961003	por	Não gosto nada disso.
5422973	por	Eu estava no ônibus.
4589898	por	A prova era muito difícil.
5089471	por	Ele não acredita que a Terra seja redonda.
5979441	por	O teu inglês é fantástico!
1371926	por	Espero que os seus pais permitam que nos casemos.
1822704	por	Acontece que ainda não sei.
5440922	por	Depois de agitar novamente, derramava-se o álcool diluído sobre as cerejas.
6462469	por	Escolha uma arma.
5555112	por	Os elevadores não estão funcionando.
383810	por	Por que é que ele não diz a verdade?
973282	por	O que você faz é mais importante do que o que você diz.
414991	por	Você deseja beber algo?
1653708	por	O que te faz pensar que não seja verdade?
1292689	por	Isto é o que eu quero.
8051538	por	Isso não resolve o problema.
3248400	por	Elas trabalham demais.
3676558	por	Chegamos todos à janela para ver o que estava acontecendo.
4966982	por	Isso levaria anos.
5944686	por	Ele deve ter mais de sessenta anos.
1715463	por	Então é para lá que vai todo o meu chocolate!
3086159	por	Sinto muita saudade do meu pai.
3662428	por	Não quero ir ao banco.
8232889	por	Você pode escrever uma carta em francês para mim?
893433	por	Vocês vivem aqui?
4400889	por	Há quatro estações no ano: primavera, verão, outono e inverno.
1912151	por	Você vê a coroa?
7994560	por	Moisés ergueu o bastão para o céu, e o Senhor mandou trovões, granizo e raios sobre o país. Ele fez cair pesada chuva de pedra sobre todo o Egito.
4772042	por	Eu estudo muito pouco.
7265062	por	Eu devo ao Tom $ 300.
7308317	por	Eu gostaria de poder pensar em uma boa resposta.
904052	por	Dista mais de três quilômetros da estação.
1091725	por	A linguiça ficou muito tempo na churrasqueira, e queimou.
1822533	por	Ele anda, mas não fala.
5016119	por	Em 1955, Anísio Teixeira criou o Centro Brasileiro de Pesquisas Educacionais.
2823704	por	Obrigado, Jesus.
6959681	por	Talvez não seja necessário nós irmos à reunião.
6949450	por	Você deve estar maluca!
3108246	por	Ele é um jovem promissor.
8062302	por	Por que ele não pode fazer isso?
8867162	por	Sinto muito, mas você está enganado.
8366518	por	Eu acho que você concordaria.
8216138	por	Sê tu mesmo!
2616958	por	Eu estaria mentindo se dissesse que estou arrependido.
5028215	por	Eu não gosto de ser julgado.
2152443	por	O coração de Tom começou a bater mais forte de repente.
4967127	por	Você está tão perto!
7563136	por	Eu preciso instalar a internet aqui.
4856417	por	Muitas borboletas voam ao redor das plantas.
1396682	por	Gostaria de morar em Nova York.
7094240	por	Ela dita o texto.
6012268	por	Me faça o favor.
8879767	por	As regras estabelecidas pela empresa são muito estritas.
7086697	por	Cada vez que caímos devemo-nos levantar.
1359095	por	Não acreditem em tudo que ouvem.
2165352	por	Ela não comprou o pão.
924785	por	Não quero gastar mais de $10.
7086149	por	Há quanto tempo és responsável por isto?
8076137	por	Eu não quis ouvir o que ele tinha a dizer.
1721393	por	Agora está nas melhores condições.
6782914	por	Hoje à noite vou me debruçar sobre os livros.
7846619	por	Nós temos que continuar focados.
3197579	por	A polícia tolera a venda de drogas leves.
2414256	por	Esta obra foi adquirida pela biblioteca há alguns dias.
4569117	por	O formato hexagonal dos favos de mel permite melhor uso de material e maior aproveitamento do espaço.
6139677	por	Os alemães também têm senso de humor.
6937782	por	Tom saiu da sala sem dizer uma palavra a ninguém.
8785947	por	Me ajoelhei.
1162022	por	Ele estava para ser convidado.
7274219	por	Quero te ver dançar.
4218030	por	Vocês têm uma criança.
6984637	por	Você está responsável por tudo.
2676584	por	Quem nunca leu a lenda da Bela Adormecida do Bosque?
5015796	por	Perguntar não ofende.
8757830	por	Você sabe quem é o traidor?
3603477	por	A literatura finlandesa moderna data da publicação do Kalevala.
3703081	por	Não estou habituado a ser o centro das atenções.
2658311	por	O Tom comprou várias câmeras ano passado.
1840955	por	Ela vem de uma boa família.
1503089	por	Tom comprou novos cadarços para seus sapatos.
5550391	por	Eles vivem bem, hein, Tom?
3705273	por	Lisa estuda todos os dias da semana.
8068037	por	Ele não será o último a fazer isso.
3802145	por	Fizemos bem.
3490221	por	Eles são uma boa equipe.
7086297	por	Não discuto consigo.
7903647	por	Não sabia que você era o primo do Tom.
3350304	por	Belisquei o nariz do bebê, mas suavemente.
1810551	por	Este é meu novo triciclo.
7746693	por	Isso não tem a menor importância.
7207669	por	Eu espero que você não pense que sou tão detestável quanto Tom.
8218119	por	Você não sabe do que eu realmente gosto.
8101531	por	Eu quero muito acreditar em você, mas está cada vez mais difícil.
6303849	por	Atualmente, um em cada dez livros no mundo é impresso em Alemão.
6291058	por	Vamos começar com as senhoras.
952657	por	Rockefeller foi governador de Nova York.
1162342	por	Uma casa que é feita por um homem.
1238127	por	Ela odeia correr.
1360946	por	Pássaros podem voar milhares de quilômetros e voltar todo ano ao mesmo lugar.
881564	por	Ele está com a bola.
2682422	por	Eu não quero me envolver em problema.
1254653	por	Não desligue ainda, por favor.
3207284	por	Os campistas negligentes não tinham nada que comer.
4512824	por	Saiam do meu quarto!
1327437	por	Enquanto na Ordem da Guerra Fria prevalecia o poder militar, na Nova Ordem Mundial prevalece o poder econômico. A divisão ideológica do mundo entre países capitalistas e socialistas foi substituída pela divisão em Norte rico e Sul pobre.
7067422	por	Sempre fui boa professora.
3186237	por	Milhões de dólares foram gastos tentando fortalecer a companhia.
869260	por	Não entendo o significado desta palavra.
6014864	por	Tom concordou com tudo o que Maria disse.
3363702	por	Tom está melhor que nós.
5613195	por	Tem algo para você na sua mesa.
4438554	por	Contrastavam com tal autoritarismo as palavras de Zamenhof.
7269694	por	Vós estais a ridicularizar-me.
4968657	por	Alguém estava conversando com ele.
1381567	por	Escrevi não só a ele, mas também a ela.
5611243	por	Júlia dá um beijo na filha.
1403930	por	O jardim estava coberto de folhas mortas.
7075776	por	Não bebam muito.
5080599	por	Tom às vezes tem problemas em manter seu equilíbrio.
4648497	por	O avião vem de Madrid.
1311600	por	Deixa a porta aberta.
1822487	por	Logo ela te liga.
5645252	por	Você acha que Tom nos ajudará?
5669896	por	Você estava trapaceando.
7088434	por	Isto é uma toalha de banho.
4885701	por	Eu gosto de comprar roupas.
1377662	por	Daí a um quarto de hora ela voltou.
1691193	por	Ela gosta de dormir.
2594870	por	Estes sapatos não servem mais.
1286381	por	Não vá.
1150625	por	Não balbucie!
8642537	por	O Tom tinha outros planos.
1136726	por	Mamãe sempre tem razão.
1234120	por	Abaixe as mãos!
720987	por	Estou muito ocupado para ajudá-lo.
7044841	por	O João fica confuso quando tem de falar português.
8103239	por	Nunca irias passar despercebida com esta altura.
1531359	por	Tom está sem opção.
4866944	por	Eu não sei os detalhes.
5918220	por	O Tom toma banho todos os dias?
1143688	por	As salas de bate-papo não são tão populares como antigamente.
1229997	por	Ela é médica?
5112844	por	Tom saberia a resposta.
8157771	por	Não sei muito sobre pesca.
1058477	por	Qual é o sentido de chegar na hora se todas as outras pessoas chegam atrasadas?
7009667	por	O Tom está preocupado com a saúde dele.
3665235	por	Obrigado por virem, pessoal! Vejo vocês por aí!
1916109	por	Ele parece interessado nela.
3160460	por	A fada é um ser criado pela fantasia, representado como uma mulher muito bela que possui poderes mágicos por ela usados para praticar boas ações.
1388505	por	O avião atrasou dez minutos por causa do mau tempo.
5793917	por	Você não se lembra de mim?
7226071	por	Tom nunca havia se apaixonado antes.
1875572	por	Eu não sei quem vai nos ajudar.
1146062	por	Não fale desse jeito.
2039547	por	Dizem que foi construído um novo restaurante.
912203	por	Quero ir para a cama!
2871436	por	Tom só dá carne crua para seu gato.
1110384	por	Gabriela é da Nicarágua. Ela é nicaraguense.
5507486	por	Os soldados se tornaram traidores.
1799867	por	Foram ao zoológico de ônibus, ontem.
2052143	por	Você é esperto.
6004461	por	Tom diz não estar preocupado.
8096973	por	Nós vimos-vos.
4810732	por	Por que você nunca presta atenção?
3806986	por	Ele não aparentava ser suspeito.
999774	por	Logo você estará desgastado de viver em uma cidade grande.
4311791	por	Por que você não está vestida?
4965043	por	Eu não gostei da comida daqui. É muito salgada.
5416453	por	A luz do Sol forma pequenos arco-íris nas gotas de água.
7351638	por	Não escrevam com tinta vermelha.
952529	por	Ele pagou vinte dólares pelo batom.
972603	por	Sou tão alta quanto Tom.
1157783	por	Não sei como agradecer todos esses favores.
3752385	por	Tom estava dormindo?
6533232	por	Eu moro no mesmo andar que Tom.
1175212	por	Você desobedeceu uma ordem direta e deve arcar com as consequências.
1177022	por	Anteontem nasceu nossa neta.
5859205	por	Você sabe o que é "açaí"?
8074380	por	O senhor vai precisar vir até aqui.
7313911	por	Preciso de estar com os meus pais.
4196508	por	João tem emagrecido muito desde que começou o tratamento.
4992180	por	Não vou permitir!
913157	por	Não quero ser envolvido nesse negócio.
8272703	por	Tenho medo do frio.
5016290	por	Maria trabalhava em um circo. Ela era contorcionista.
1965797	por	Me desculpe. O trem atrasou.
5926215	por	Dê só uma olhada lá fora.
1607947	por	Mary namora o mesmo cara desde que tinha dezoito anos.
1437826	por	O vaso que ele quebrou é da minha tia.
1174982	por	O Tom e a Mary vão ter um bebê.
5006253	por	Eu sei que todos vocês são uns covardes.
5613216	por	Claro que acreditamos em você!
2574147	por	Vocês estão em que ano na escola?
5984506	por	Elas jamais voltaram para o seu país.
2557677	por	A polícia não parava de atirar.
7087714	por	Não se passou nada.
1694670	por	Se eu morrer, quero que cuide do meu filho como se fosse seu.
1789145	por	Os dragões nascem no fogo.
7118978	por	Que cidade é a capital da Grécia?
5636428	por	As crianças têm medo de Tom.
1661370	por	Eu já enfrentei todo tipo de desafio, mas este eu não posso aceitar.
2631600	por	A morte é a mais dura pena.
1853776	por	Ela mentiu sobre isso.
6060317	por	Alguém tem de detê-lo.
2479347	por	Ficou sabendo se o Tom conseguiu o trabalho?
4811408	por	Sarajevo é a capital da Bósnia e Herzegovina.
919993	por	O que ela lhe disse foi exatamente o oposto do que me disseram ontem.
1037885	por	Ele grita muito.
7318235	por	Já fui.
6983922	por	Olha você aí!
883057	por	Meu irmão não tem nada.
8444017	por	Todos estão bêbados, exceto Tom.
6763481	por	Pode deixar que eu vou com ele.
1188817	por	Têm duas filhas.
4374764	por	Uma chave dourada abre todas as portas.
1602339	por	Tom tentou convencer Mary a dirigir a noite inteira.
7450845	por	Vou sonhar contigo.
6639207	por	Quem o roubou?
7039976	por	Tenho de saber onde encontraste o João.
5408676	por	Ele escova os dentes.
4553701	por	Gosto de tomar meu café em enormes canecas com desenhos coloridos.
4818447	por	Nós sabemos disso.
5870676	por	Eu fui muito provocado.
517862	por	Ontem eu fui ao parque.
5924503	por	Tom vive em uma aldeia e é agricultor, isto é, trabalha no campo e numa fazenda.
7361278	por	Eu apenas pensei que você poderia gostar.
2652936	por	Ele foi se deitar às dez horas ontem.
6997708	por	Nem todos são elegíveis para esse cargo.
1162062	por	O padre que morreu há pouco tempo morou muito tempo em nossa cidade.
7287407	por	Você é a pessoa mais interessante que eu já conheci.conheci.
8644726	por	Eu tive que ficar na fila.
1327414	por	A célula procariótica não apresenta núcleo organizado.
3186391	por	O menino não demonstrou medo.
6277564	por	Há centenas de livros em seu estúdio.
8738219	por	Sou russa.
7007321	por	O tacho dizia à caldeira: vai-te e não me enfarrusques.
4712444	por	Que horas você costuma sair de casa?
7925947	por	Eles convocaram uma reunião de emergência.
6760153	por	Deixem-me mostrar um exemplo para vocês.
8392462	por	Eu quero que Tom limpe a sala de estar.
5910398	por	Eu volto em um minuto.
7296964	por	Adorei estudar eslovaco.
2150871	por	O Tom recebeu alta no hospital no mês passado.
1207197	por	Ele não respondeu a questão.
5139802	por	Tom é mais estúpido do que você pensa.
7093805	por	Que idade tem o teu bisavô?
6377147	por	Um navio no porto está seguro, mas não é para isso que os navios são construídos.
886219	por	Você gostaria de trabalhar em casa?
419215	por	Ei, você! Não corra em volta da piscina!
3450715	por	Você está pronto para partir?
6142080	por	Parece que torci o tornozelo.
8601841	por	Tenho mesmo que fazer isso?
8217535	por	Vocês amam nossas filhas.
5880128	por	Quero investigar esse assunto.
5034231	por	Eu devo estar cego.
1656797	por	Coloque-o ali.
6122312	por	Eu segurei a mão de Tom.
4750950	por	Ela respirou fundo e começou a falar de si.
1916266	por	Para dizer a verdade, eu não me lembro de nada do que disse ontem.
576677	por	Ele continuou a ler o livro.
1787217	por	Alguns filmes são tão marcantes que jamais nos saem da lembrança. É o caso da emocionante película de Benigni, "La vita è bella", que mistura drama e comédia de maneira excepcional.
7305273	por	Permitem-me os senhoras pedir-lhes um favor?
4278902	por	Tom acha que ele tem que morrer.
8238863	por	Ele falhou no exame porque é preguiçoso.
1822453	por	Não nos preocupemos com o amanhã, que é incerto; preocupemo-nos, pois, com o hoje.
8552083	por	Elas são japonesas mesmo?
2123672	por	Eu fiquei.
4505608	por	Vênus é um planeta.
1292492	por	Eu não sei francês.
1737021	por	Encontrei um selo raro nessa loja.
3006643	por	Ludvig Holberg é considerado o Molière dinamarquês.
1466615	por	Quem mexeu nas minhas coisas?
4445433	por	Eu poderei me casar com ela.
7080131	por	O período de descontos está quase a terminar.
8138617	por	Tom e Mary disseram que eles foram informados para não fazer aquilo.
7714723	por	Tom disse que ele não estaria na Austrália próxima semana.
1588303	por	A maioria dos japoneses se alimenta de arroz.
1143321	por	Ele escreve artigos para o jornal local.
5481623	por	Lembrarei desta noite.
3479142	por	Tom está se comportando bem?
1378959	por	Ela errava nas passagens da música.
8485182	por	Tom queria estudar música.
8565754	por	Obrigado por cuidar do meu cachorro.
8559747	por	Eu não preciso comprar um carro.
1778882	por	O porquê dele ter feito isso ninguém sabe.
868993	por	O cavalo está pulando.
7081407	por	Eu não posso ficar calado.
8064375	por	Tu terás que trabalhar o dia todo.
3093238	por	Vieram sem ser convidados.
7562172	por	Preciso aprender a digitar em russo.
5057750	por	Eu me considero um sortudo.
7927404	por	Vocês poderiam pedir para ela falar mais baixo?
1304196	por	O assassino estava escondido entre a multidão.
3319657	por	Deus é um círculo cuja circunferência é uma reta.
4263312	por	Aos domingos o serviço pode ser mais lento do que o usual.
5595289	por	Não posso me envolver.
8461856	por	Aqui faz muito calor no verão.
7308930	por	Onde compraste aquilo?
1875908	por	Meu pai envelheceu.
1782030	por	Eles saltaram de paraquedas da asa do avião.
6443695	por	Que tipo de suco você quer?
8798890	por	O acusado permanece sob custódia.
1126154	por	Meus pais são muito estritos.
1718525	por	Você já montou um computador por conta própria?
8192105	por	Por que você quer comprar isso para ele?
1157873	por	O professor pediu que elegêssemos um poema de Fernando Pessoa para recitar na próxima aula.
341079	por	O que ele está dizendo não faz sentido algum.
7360588	por	O Tom não esteve em Boston desde 2013.
2180058	por	Era uma situação indescritível.
7157375	por	Digam ao Tom aonde vocês foram.
7983581	por	Moisés voltou-se para o Senhor e perguntou: Senhor, por que tratas tão mal este povo? Afinal, para que foi que me enviaste? Desde que me dirigi ao faraó para falar em teu nome, ele tem maltratado o povo, e tu nada fazes para libertá-lo.
8238074	por	Que estão vocês a fazer?
3010243	por	Tom queria que Maria saísse para brincar.
6326737	por	A minha professora é bem rígida.
7200683	por	Isto é um cantil.
2831368	por	Tom se interessa por muitas coisas.
916939	por	Um motorista de ônibus é responsável pela segurança dos passageiros.
2029934	por	Façam como ela diz.
7575694	por	Devemos manter distância das plantas venenosas.
1388606	por	Durante o período conhecido como Paleolítico, o homem teve de lutar para garantir sua sobrevivência.
1787207	por	Essas são palavras que marcam para sempre.
4239344	por	Estou pensando em ir estudar nos Estados Unidos no ano que vem.
2571426	por	Eu prometi que eu nunca faria isso a ninguém.
1553157	por	Entre os convidados para a festa, havia duas mulheres estrangeiras.
2636889	por	O Tom e a Mary não estavam falando francês.
4579178	por	Tom adora ver Mary dançar.
4936634	por	Isso pertence a ele.
5095789	por	Tom foi escolhido.
3386131	por	Para a próxima aula, peço que me entreguem, em uma folha separada, um texto que fale sobre o que vocês pensam sobre os E.U.A e o porquê.
1230400	por	Tom queimou os dedos com uma frigideira quente.
7314321	por	Sou colecionador de livros.
6798160	por	Você não foi muito difícil de encontrar.
2432328	por	Tom subornou a Mary?
2697664	por	Tom mora sozinho numa pequeníssima cabana ao lado de uma cachoeira.
4712953	por	As folhas ficam vermelhas no outono.
7108480	por	"Zéfiro" é um vocábulo grego.
6050954	por	O povo está confuso.
1377344	por	Tal gesto é raro.
6933648	por	Eu tenho que aprender turco.
8192225	por	Ela ainda não terminou de preencher este formulário.
5448663	por	Isto não é novidade.
8493294	por	Onde você está, Caitríona?
4123285	por	Ninguém gosta dele porque ele se jacta sempre.
3128977	por	Decidi não ir.
4675504	por	O suéter dela é roxo.
1597426	por	Ela sempre repetiu que é inocente.
976320	por	As baterias velhas devem ser condicionadas em caixas metálicas.
6999455	por	O Tomás tenta proteger-me.
8354820	por	Pare de comer agora.
942456	por	Sou um cidadão do mundo.
1333205	por	Como, então, ela não vem?
7902827	por	Ela estava dirigindo o carro em uma noite chuvosa.
4832245	por	Tom não gosta de mulheres que usam saltos altos.
5173780	por	Mais vale esperar.
2133919	por	Eu divirto as crianças.
1485113	por	Vermelho e azul pintados juntos nos dão roxo.
7121838	por	Vais aguçar-lhe o apetite.
2738266	por	O que você vai fazer essa noite?
5234730	por	"Você é professor?" "Sim, de inglês."
2626763	por	Não parece um espelho?
6383839	por	Um gato saiu de sob o carro.
1069353	por	Os bombeiros não conseguiram desativar a bomba.
7782204	por	Atenção ao desembarcar!
3235056	por	Pouco me importa.
405616	por	Bob me ajudou.
3694988	por	Eles não tem razão de existir.
3866889	por	Muito barulho por nada.
994975	por	O SASPED é um seminário anual.
4210888	por	A coleção de quadros aumentou.
5037366	por	Tom vai se recuperar.
3609330	por	Quem foi o inventor do rádio?
4282250	por	Em outubro, como era seu desejo, fui visitá-lo.
1175418	por	Por que não amar nossas próprias esposas? Nós amamos até a dos outros.
6090505	por	Tom disse que não queria fazer isso comigo.
1357358	por	Tom deveria ter ido embora antes.
6971003	por	Vocês querem que eu fale com o Tom?
3867554	por	Eu quero jogar ténis contigo algum dia.
5327659	por	Espero que Tom não perceba nada.
734624	por	A própria vida é o túmulo onde eu me reviro.
1058074	por	Isso cai bem com as suas calças.
1642857	por	Há um grande mercado de café.
7785895	por	Onde vive teu vovô?
7290388	por	"Que quer saber?" "Tudo."
8596338	por	Tom pôs a chave em cima da mesa.
2973897	por	Estou escrevendo uma carta a Maria.
4483903	por	Tom poderia estar errado?
8238755	por	Ele nem lhe tocou.
6958266	por	Por favor, me diga qual ônibus eu pego para ir à estação.
5096921	por	Tom parece estar feliz de novo.
7289270	por	O Tom parece estar indeciso.
6136938	por	Como explicar isso?
8472762	por	Os elfos sãos muito maus.
3270031	por	Ele tende à violência.
6172182	por	Onde está minha agenda?
7417550	por	A tecnologia melhorou desde então.
1201129	por	Ele tem uma bicicleta.
8551965	por	Está muito cheio aí?
1161476	por	Em grupo de cinco eles se jogaram sobre mim, mas eu venci todos os cinco agressores.
1469752	por	E a árvore frequentemente ficava sozinha.
6389816	por	Só quero te fazer uma pergunta.
