810016	spa	Las personas que no se arriesgan nunca han tenido ningún problema.
3308909	spa	Mezcla pintura roja con azul.
723311	spa	Va a nevar.
1706365	spa	¡Queda claro el problema!
3897869	spa	Quisiera aprender a tocar el piano, la guitarra y la flauta.
6814513	spa	¿Por qué está la ropa en el suelo?
1943535	spa	Él va casi todos los días al río y pesca.
2916850	spa	Él me trata como un niño.
2082744	spa	Aprender otro idioma significa descubrir un mundo nuevo.
5834148	spa	Tom rompe las reglas.
4606596	spa	A Xōchitl le gusta coger flores de los naranjos.
7157428	spa	Yo necesito estudiar más.
2848622	spa	Hijo sabio, alegría del padre; hijo necio, disgusto de su madre.
5863880	spa	El rendimiento del bono es del 6%.
1409983	spa	Él quedó gravemente herido en el accidente.
4463346	spa	Tom sabe que no estamos ocupados.
2167207	spa	Mantengamos los dedos cruzados.
1136487	spa	¡No te muevas o te doy!
357304	spa	El hombre es el único animal que usa el fuego.
562139	spa	Firme aquí, por favor.
6892892	spa	¿Cómo ves tú este parka?
1648159	spa	No puedo pararla.
5442404	spa	¿Dónde está el colador para la pasta?
3302123	spa	Está guapo.
1872006	spa	Su sonrisa expresaba alegría.
3624207	spa	Es nuestra tarea proteger a Tom.
646610	spa	La ciencia produjo la bomba atómica.
4158442	spa	María creía que Tomás no había acudido a la fiesta de Halloween, cuando en realidad él estaba observándola en secreto detrás de su máscara de hombre lobo.
3779428	spa	Querría estar en París.
6832602	spa	Me gustaría haber estudiado francés cuando era más joven.
1205634	spa	No me pueden arrestar por ser un payaso.
4928068	spa	Olviden que dije eso.
1022348	spa	La explotación forestal ilegal ha disminuido considerablemente.
2270026	spa	Tenemos que darnos prisa no sea que cierren la tienda.
3137772	spa	¿Vieron la silla de ruedas del abuelo?
7930023	spa	¡Pero qué lindos son estos ratoncitos!
8445405	spa	Mucha gente va a estudiar a la biblioteca.
1610634	spa	No te vayas hasta que estemos allí.
573786	spa	Nuestra verdadera nacionalidad es la humanidad.
1809819	spa	No tengas miedo de cometer errores cuando hables en inglés.
2157137	spa	Esta carne permanece bien en climas fríos.
1001489	spa	Lo lamento, no aceptamos cheques.
1719931	spa	El turismo es un área económica preferente en la relación entre España y Rusia. ¿Por qué? Porque hay un gran incremento de turistas españoles hacia Rusia. Estamos ya en una cifra de quinientos mil turistas. Por tanto hemos hecho un acuerdo para estimular, para favorecer, para follar... para apoyar ese turismo.
1369852	spa	Sé que él sabe dibujar.
1648793	spa	Tom no quiere hablar de eso.
1628225	spa	¿Hay algo que podamos hacer?
6760571	spa	La puerta de la habitación de Tom estaba cerrada.
5718497	spa	No echo azúcar al café.
8312631	spa	Las papeletas contienen los nombres de los candidatos.
6034973	spa	Me gusta mirar las nubes.
2914436	spa	No está permitido.
1642356	spa	Me duele un poco la espalda.
1199332	spa	Él no se avergüenza de que su padre sea pobre.
3100083	spa	Estos libros son viejos.
1469089	spa	Aaron fue asesinado a sangre fría por Mary.
4721926	spa	No es mi coche.
591128	spa	Alguien me agarró por el brazo.
3603166	spa	Oye, Tom, ábreme.
8781353	spa	Tom llegó 3 minutos antes.
1879168	spa	¿Me enseñas las reglas, por favor?
6003108	spa	Ella habla inglés.
1604555	spa	Suspendí las pruebas.
778380	spa	¿Has entendido qué ha dicho?
1393720	spa	La previsión del tiempo nos anuncia si lloverá o no.
3791250	spa	¡Me desmayo cada vez que veo sangre!
1071931	spa	Necesito algo de papel.
1901169	spa	Todo esto es culpa tuya.
6290079	spa	No se debe fumar aquí.
1307368	spa	Cuando recuperé el sentido, me pareció que me había crecido pelo en los dedos y en las rodillas. Cuando hubo un poco más de luz, miré mi reflejo en un manantial de la montaña, y me di cuenta de que me había convertido en un tigre.
1517041	spa	El río transcurre en medio de los dos países.
3305415	spa	El viejo estaba sentado en el banco.
1152278	spa	El número de víctimas del accidente fue de 5 muertos y 100 heridos.
6569824	spa	Las flores del jarrón se han marchitado.
8322235	spa	El zapato me queda pequeño.
991083	spa	Lo siento, no he podido escribir antes porque estaba enfermo.
6183509	spa	Da lo que tienes para que merezcas recibir lo que te falta.
646909	spa	¿Has perdido peso?
3241636	spa	Saturno devoró a sus hijos.
1785101	spa	¡Dame una cervecita!
1834331	spa	Judy pasa mucho tiempo mirándose en el espejo.
1901183	spa	Ellos no me han herido.
2351575	spa	Es mi bebé.
748665	spa	Él no tiene parangón en el campo de la electrónica.
5455466	spa	Sentimos simpatía hacia ella.
458750	spa	Es mío, no suyo.
2061450	spa	"Manzana" es un sustantivo contable, así que gramaticalmente tiene sentido el tener cinco manzanas.
2154702	spa	No debes dejar que ella salga cuando esté oscuro.
1687292	spa	No puedo ronronear como un gato. ¡Soy un perro!
4506160	spa	Él le está lanzando una penetrante mirada.
3126026	spa	Esta es una frase temporal.
2429806	spa	Si no fuese por la música, el mundo sería un lugar aburrido.
1871498	spa	Él es miembro de la Dieta.
6719248	spa	¿Por qué razón?
2227258	spa	Los heridos fueron transportados en ambulancia.
2344030	spa	Caminaba con un bastón en la mano.
1684326	spa	Si el gato caza no maúlla.
1553953	spa	¿Por cuánto tiempo has vivido en Kobe?
5648884	spa	Tom está realmente preocupado por Mary.
1451448	spa	Hazlo de esta manera.
6630750	spa	Vengan aquí ustedes dos.
1667151	spa	Visito a mi abuela dos veces a la semana.
1546400	spa	Estás viendo a un hombre.
1677810	spa	Ella respondió con lágrimas.
1006314	spa	Eso es desolador.
1685790	spa	Tom cogió ese hábito de su padre.
974544	spa	El estado de Espírito Santo va a aumentar la producción de ananá.
4410036	spa	Me perdí lo que dijiste.
581049	spa	¿Hay mensajes para mí?
410405	spa	El taxi está esperando afuera.
547187	spa	¿Has pensado más acerca de lo que te dije?
1297011	spa	Sólo un verdadero artista consiente a cantar para su cena, porque sabe que de esa manera sabrá mejor.
2906849	spa	Tom es quien hizo esto.
7523060	spa	Hay nieve en las montañas.
3975577	spa	Este mapa muestra todos los puntos turísticos de la ciudad, estaciones de tren, subte y paradas de colectivos.
2074045	spa	¡Eres guapísima!
5940237	spa	Intenta que te respeten.
4343072	spa	Mandame las fotos.
761983	spa	David tiene tantas novias que no consigue recordar el nombre de todas ellas.
1296859	spa	Este diente está suelto.
2429180	spa	¿Te puedo visitar hoy?
1253070	spa	Eres ingenuo al creer eso.
5704829	spa	Mary es realmente estupenda. Cocinó una comida espléndida para mí y luego incluso lavó los platos.
5714318	spa	Tom tiene una forma rara de hablar.
2105832	spa	La paloma es un famoso símbolo de paz.
2943134	spa	El orgullo patriótico cuenta entre una de esas cosas que jamás he entendido.
638699	spa	El problema es que está sin un céntimo.
2774984	spa	La clonación de personas nos pone ante serios problemas éticos.
7303362	spa	Tom está ciego ahora.
753044	spa	Cuando me vio, salió corriendo.
5022144	spa	Se puso colorada cuando te tiré un beso.
5071173	spa	Ellos lo desprecian.
7947478	spa	Me pregunto si Tom y Mary estuvieron aquí ayer.
5414369	spa	No deje que ella se coma esto.
972996	spa	Él sigue cometiendo el mismo error.
4010316	spa	Tom le debe mucho dinero a María.
1134062	spa	¿Crees que llegaremos a tiempo al aeropuerto, Paul?
6694306	spa	A mí me gustaba eso.
4116529	spa	La Tierra se formó a partir de un cúmulo de polvo cósmico.
344060	spa	Había unos pocos clientes en la tienda.
972993	spa	¿Cuántos estudiantes hay en vuestra universidad?
1729210	spa	Lo que ella me dijo ayer fue una mentira blanca.
4372474	spa	¿Ellos nos hacen muchísima falta?
3876072	spa	Sin lentes no ve nada.
7915481	spa	Mary fue una de las descubridoras del, hasta entonces, eslabón perdido entre las avispas y las hormigas.
5902359	spa	Él se defendió a capa y espada de las acusaciones.
4991811	spa	Cuéntame esa historia desde el principio, sin omitir ningún detalle.
1334239	spa	Estoy enfadada con ella.
1555783	spa	Tom tuvo una operación a corazón abierto.
1726563	spa	Vamos a Shinjuko mañana por la mañana.
2788214	spa	Estoy hablando sobre tus acciones.
8605163	spa	¿Qué estáis leyendo ahora?
1281461	spa	Los votantes escogieron a Nixon el día de las elecciones.
1135959	spa	A vosotros ya os perdonamos.
3689872	spa	Andá a despertar a Tom y decile que el desayuno está listo.
3652341	spa	A través de los limeros, el viento soplaba.
1370020	spa	Estoy perdido para siempre, ¿lo ves? ¡Estoy en un aprieto!
2160421	spa	Quiero un barco que me lleve muy lejos de aquí.
2338809	spa	Ellos se tomaron de la mano.
8310776	spa	Lo erigieron en el sesenta y uno.
3357622	spa	Ella no admite estar equivocada.
5967358	spa	Porque no lo habían dicho.
2099798	spa	Me junté con él en la estación.
963018	spa	María lleva dos jerseys debajo del abrigo.
865754	spa	Seguidores de diferentes religiones viven en Bielorrusia.
2181213	spa	Tom todavía está en el instituto.
1542730	spa	Él le disparó una flecha al soldado.
7949818	spa	Se os cayó el teléfono.
537876	spa	Secaré tu camiseta.
2415390	spa	Le visité ayer.
1319718	spa	Tenemos que hacernos cargo de su delicado estado de salud.
3379094	spa	En el final de la copa mundial de fútbol 2014, Alemania derrotó a Argentina uno a cero en el alargue.
1504433	spa	Busco amigos aquí.
998197	spa	Él confesó todos sus delitos, pero la justicia le absolvió.
4203264	spa	No puedo dejar pasar esa oportunidad.
1659060	spa	Me gusta tomar a sorbos un margarita con sal al borde del vaso.
5057288	spa	Sé lo que todos ustedes están pensando.
1334736	spa	Él dice "quiero" cuando desea algo, y "no" cuando no.
1769226	spa	¿Quién es tu cantante preferido?
2109600	spa	No quiero escribir con esa lapicera.
8896038	spa	Los extras interpretan los papeles menores.
6803862	spa	No te puedo acompañar el lunes.
1938558	spa	Hoy no me apetece comida china.
6063720	spa	¡Ten vergüenza!
3560921	spa	Sí, creo que es tu deber ir.
8351949	spa	¿Qué harías si te diera mil dinares?
3248031	spa	Su historia es cierta.
2166370	spa	¿Qué pretende hacer?
1590447	spa	Dices una cosa y después haces todo lo contrario.
861273	spa	Vamos amigo, ¡no te pongas así!
1190155	spa	Él te aconsejará al respecto.
2726558	spa	Mary fue la primera esposa de Tom.
2437910	spa	Anda alerta con él.
1386218	spa	Mary quiere comprar un vestido.
1691576	spa	Esta olla no tiene tapa.
434709	spa	Disculpe. Quiero un libro. ¿Dónde está la librería?
3696861	spa	Tenemos que irnos ahora.
6569842	spa	Fui a la tienda a comprar champú y dentífrico.
4991808	spa	He aprendido mucho de Tom.
3783983	spa	Está muy guay.
5348668	spa	Se situó en el centro de la calle con un cartel que decía "Abrazos gratis".
2702914	spa	Nancy no puede haber mentido.
5011583	spa	María tiene miedo a las alturas.
741528	spa	Sam tiene dos años menos que Tom.
7977491	spa	No lloréis.
1742154	spa	«¿De quién son estos CD?» «Son de Samir.»
1665550	spa	Disculpa si te llamo cretino, pero es lo que pienso de ti.
2284183	spa	Espero que todo esté bien en casa.
3716832	spa	Es un gran placer conocerlo a usted también.
2479356	spa	Nunca sabrás lo que es suficiente a menos que sepas lo que es más que suficiente.
563777	spa	Cometiste el mismo error.
5030113	spa	No puedo abrir la olla a presión.
2258508	spa	Era uno de los dirigentes de la clase trabajadora.
2075034	spa	El mundo es muy pequeño.
5012077	spa	Fue indoloro.
4594469	spa	¿A que conoces esta canción?
5939666	spa	Pensó durante cuatro días en el nombre de su caballo.
883737	spa	¿Estás soltero?
966494	spa	¿En qué estás trabajando?
6690832	spa	Siempre cumplo mi horario.
4551449	spa	¿Ha muerto alguien?
4200827	spa	No dejes la ventana del dormitorio abierta.
966383	spa	Acaba de ocurrir un accidente.
2267910	spa	El empleo de esa palabra no es común.
7876360	spa	Parece ser que allí solo comen pescado en salazón y poco más.
990650	spa	Un avión cayó en la laguna Rodrigo de Freitas. Por ahora sólo se han encontrado tres cuerpos.
2502247	spa	Debo venderlo todo hoy.
8919539	spa	Tres personas murieron, cuatro resultaron heridas.
2047328	spa	Esta es Edith, mi esposa.
5963888	spa	Quiero recibir bastante más.
2121152	spa	El piloto realizó un aterrizaje de emergencia en el desierto.
6881667	spa	¿Sobre qué era la pelea?
2947600	spa	Isaac Newton nació el 25 de diciembre de 1642.
1394074	spa	Cuando María le pidió a Josué que le devolviera el móvil, este se hizo el sueco.
750188	spa	Es profesor de inglés en Leeds.
1387752	spa	Ellos se rehusaron a ser reclutados.
5029081	spa	¡Quedate exactamente donde estás!
1811986	spa	Una misteriosa atmósfera reina en este lugar.
3676972	spa	Actúa adecuadamente y no te arrepentirás.
1734076	spa	¿De verdad tengo que decir eso?
3089387	spa	Pusimos los regalos de Navidad bajo el árbol.
1049415	spa	El joven que conducía el coche estaba borracho.
1783097	spa	¿Puedo ir al baño?
852972	spa	No hizo caso del consejo de su amigo.
607472	spa	Reconociendo su responsabilidad ecológica, el constructor automovilístico lanza la fabricación de balsas en serie.
1606402	spa	No toques mi auto.
1344419	spa	Esta es la mujer a quien robaron los coches.
1713727	spa	Su hija ya no es la misma desde que vio a un fantasma.
6152142	spa	Tom es más pesado que una vaca en brazos.
346264	spa	"¿Cuánto durará aproximadamente la reunión?" "Dos horas."
475695	spa	Tom se escondió debajo de la mesa.
5011784	spa	¡Y te digo más!
1224003	spa	Resta dos a diez y el resultado es ocho.
1829502	spa	Él quiere más.
6670318	spa	Debería haber escuchado.
2775264	spa	Esta imagen recibió muchas críticas positivas.
4415322	spa	¿Cuál fue su explicación?
4613293	spa	Venga, vamos a intentarlo.
3045130	spa	Tom sabe que eso no puede ser.
5721184	spa	Los paneles decorativos del ascensor están hechos de madera.
4053102	spa	¿Están cansados de vivir?
2266066	spa	Llegó a interesarse en las matemáticas.
2057202	spa	¿A quién quieres que busque?
6621981	spa	Quiero que Mary vuelva a confiar en mi.
2371945	spa	¿Podrías traducirme algunas oraciones?
1611081	spa	Hay un banco en el balcón.
4712506	spa	El juego fue cancelado debido a las fuertes lluvias.
3674807	spa	El galeón pirata levó anclas.
7833176	spa	A quién madruga, Dios ayuda.
854060	spa	Mi madre ha estado muerta estos tres años.
1243351	spa	Cuando se puso a bailar y cantar pasé vergüenza ajena.
5967540	spa	Alguien te preguntó algo.
1168842	spa	Es trágica la situación en que el pueblo de Dios pierde su autoridad en el mundo, y siempre es así cuando mezclan su sangre con la del mundo, y cuando el mundo es mezclado con ellos.
1674088	spa	No se pierde lo que no se tiene.
2209109	spa	Esa bicicleta es demasiado pequeña para ti.
5635922	spa	No llego a las cosas que están en lo alto de la estantería.
1612652	spa	A menudo él iba a pescar los domingos.
1198040	spa	Mi dolor de espalda está empeorando.
4721176	spa	Las manos de Tom están grasosas.
1534816	spa	El tradicional festival de música no se realizará este año debido a las terribles tempestades que dañaron al lugar sede del evento.
774589	spa	¿Quién conoce la fecha del cumpleaños de Hu Jintao?
3742265	spa	No seas tan sangrón.
539374	spa	Mi abuelo murió hace cinco años.
3246203	spa	Florencia fue para mí un salvavidas en el mar de la vida.
5012538	spa	Gracias por el consejo. Lo probaré.
1341598	spa	Tengo un ojo desviado.
4718880	spa	¿Cómo se hace el whisky?
1425023	spa	No pude más que compadecer a la chica que había perdido a sus padres en el accidente.
1713754	spa	Llegué a Japón hace dos años.
1287561	spa	Él puede leer lo suficiente.
4531524	spa	"¿Dónde están Tom y John?" "Jugando futbol."
5797214	spa	Tom quería hablar a Mary sobre John.
1869273	spa	Es muy pequeño.
5011524	spa	No le gustan las propuestas indecentes.
1543785	spa	Los antibióticos matan las bacterias pero no los virus.
6634742	spa	La atmósfera de este lugar es enigmática.
1178595	spa	Yo digo "Hola, amigo.".
4553973	spa	Gracias por aceptar la entrevista.
3442024	spa	¡Ella siempre es amable!
5711649	spa	¿Quién da la vez para el pan?
1943574	spa	Una bolsa con hielo disminuirá el dolor.
1901974	spa	"¿Le puedo hacer algunas preguntas?" "¿Preguntas sobre qué?"
6199873	spa	Usted puede comprar el tiquete en el tren.
4308663	spa	A mucha gente le gusta viajar.
1351507	spa	¿Has estado alguna vez en Canadá?
4456345	spa	Tom se unió al grupo.
994451	spa	Él habla como si hubiera realmente estudiado en el extranjero.
2187012	spa	Tenemos una excelente biblioteca escolar.
4523966	spa	Él quebró la ventana.
6183508	spa	Sea como fuere lo que pienses, creo que es mejor decirlo con buenas palabras.
1476882	spa	Te veo la próxima semana.
2910946	spa	Es inteligente para los demás, pero para sí mismo es un tonto.
1068616	spa	El pez quiere nadar.
7934720	spa	El ejército avanzó subiendo por la colina.
4781130	spa	Detén el flujo de sangre de la herida.
854118	spa	Hizo lo que le dije que hiciese.
2950006	spa	Tom usó el mismo jean todo el año.
2270416	spa	Sé cocinar muy bien.
3766138	spa	Me intenté integrar.
2217363	spa	¿Tú también lo has oído?
1008681	spa	¡Qué lástima sólo aguantar la vida en vez de disfrutarla!
6883618	spa	Estaba cansado mental y físicamente.
2356956	spa	No todos esos libros son útiles.
3371817	spa	¿Qué habrá sido ese sonido?
1466205	spa	Nuestra memoria empeora a medida que nos hacemos más viejos.
722671	spa	Las cuentas claras y el chocolate espeso.
2268047	spa	Los niños estaban en fila.
3432606	spa	Si mi dolor fuera pesado ahora, verían que pesa más que la arena del mar.
5069329	spa	Dame sólo un minuto.
1300349	spa	Dos personas quedaron en la sala después de la salida del profesor.
2079724	spa	Todos estaban disfrazados, así que no podía decir quién era quien.
3921812	spa	"¿Sabes qué día es hoy?" - "No". -"¡Mi cumpleaños!"
8020035	spa	Mary no lograba encender la mecha porque se le había mojado con el sudor de la mano.
6682090	spa	No quiero leer nada más.
1535164	spa	¿Ya se van?
2110479	spa	Alguien envenenó a Tom.
7845943	spa	Si le toca la lotería, tendrá la vida solucionada.
3027972	spa	Hace un año que están en Brasil.
1456194	spa	Es muy divertido ir de viajes.
8231735	spa	Se derriten hasta las ideas.
3983188	spa	¡Ay, una abeja me picó!
2679770	spa	No tenemos dinero.
1547959	spa	¿Podría ver el menú?
8801928	spa	¡Iros todos a la mierda!
2234450	spa	No sé leer.
2192076	spa	Esta casa es la mía.
1705512	spa	El suicidio es un acto de desesperación.
803432	spa	Aterrizaremos en el aeropuerto de Narita a las siete de la mañana.
1544000	spa	Tom no está en casa en este momento.
5752588	spa	Vengo de Boston.
1974767	spa	¿Cuándo tienes tiempo para hacer compras?
2505371	spa	Inténtalo ahora o lo lamentarás más tarde.
1438825	spa	Todo sobre este mundo no es más que un sueño.
817729	spa	No tengo ganas de hacer los deberes de matemáticas ahora.
3990782	spa	Debes apoyar el desarme.
4774618	spa	Sé que Tomás no quiere estar aquí.
1761645	spa	Usain Bolt es el hombre más rápido del mundo.
1630361	spa	Resumiendo en pocas palabras es tu culpa.
1388370	spa	Él pisó mierda de perro.
4631910	spa	La vida de Tom cambiaría para siempre.
2520437	spa	La cama es muy cómoda.
2759832	spa	¿Te acuerdas de la anécdota que contó el capitán ayer por la tarde?
1559819	spa	¿Quieren hablar al respecto?
1903564	spa	No hagas eso, por favor.
1629207	spa	Cada mes él aparece con un celular diferente.
3711388	spa	Fue una escena espantosa.
1332246	spa	Fue a verla el otro día.
1857026	spa	¿Quién vuela con más experiencia, una mosca o un piloto?
1129799	spa	Es poco probable que Tom venga solo.
3139059	spa	Los profetas vaticinaron la llegada del Mesías.
4051150	spa	Trataré de ayudarlo.
1869483	spa	Ella hizo un gran trabajo.
1258369	spa	Ella me sonrió.
4054974	spa	Te apesta la concha cuando garchamos porque sos una puta sucia.
5967377	spa	¿Por qué las buscas?
1090768	spa	Vamos de picnic.
8692396	spa	Yo creo que va a decir que no.
1390988	spa	¿Perdió alguna cosa, señora?
1715781	spa	¿Por cuánto nos detenemos aquí?
1554218	spa	¿Cuál es el nombre del edificio cuyos techos puedes ver?
895226	spa	¿Estáis seguras?
5630401	spa	Los húsares son los soldados húngaros de caballería.
6817869	spa	Si tienes sueño, es mejor que te acuestes, ¿no?
5867120	spa	Si los gobiernos devalúan la moneda con el objetivo de defraudar a todos los acreedores, tú educadamente defines este procedimiento como "inflación".
3195860	spa	No abras las puertas.
890674	spa	Ella se sentó cerca de él en el autobús.
2411728	spa	¿Son las personas que viste ayer?
1768991	spa	Un caballero es alguien que sabe tocar el banjo y no lo hace.
8165528	spa	¿Entiendes portugués?
855996	spa	El bebé se ha dormido.
3135478	spa	¿Tom es tu novio?
2309077	spa	Construí una casa nueva.
864403	spa	¿Cómo pronuncias tu apellido?
911651	spa	Quiero verlo a toda costa.
7849036	spa	¿Hiciste novillos ayer?
2607406	spa	¿Por qué los políticos tratan de aniquilar las opiniones de la mayoría?
2084772	spa	Admití que estaba equivocado.
2960591	spa	¡Me gustan las oraciones acerca de las ardillas!
4371536	spa	Esos son helicópteros Arpía del comando aéreo de combate número uno.
1506703	spa	¡Eres un tal idiota!
3897416	spa	¡No deshonres la Patria!
8696832	spa	Aquel lote de caballos es mío.
6162597	spa	No estamos en la lista.
1398156	spa	"¡Perdóname!" "¿Debo perdonarte que me hayas hecho feliz? Sí, te perdono."
1669061	spa	Estoy leyendo una obra.
6830832	spa	Yo voy hacia ti.
1356879	spa	Hay una parada de colectivos cerca de nuestra escuela.
817002	spa	Ella está ocupada tipeando los reportes.
6629126	spa	Había algo en medio de la autovía.
1876685	spa	Vive en un pueblo de la India.
8305793	spa	Me voy el mes que viene.
2729577	spa	Ellos beben un poco de cerveza.
1021799	spa	La Luna es el único satélite de la Tierra.
5854101	spa	Esos zapatos están pasados de moda.
891921	spa	Ken es alto, pero yo no.
1349667	spa	Estas obras fueron atribuidas a aquel pintor fallecido.
4554235	spa	¿Tú eres flexible?
2220466	spa	En esa época había pocas rutas en Norteamérica.
1733193	spa	Yo estaré desocupada mañana en la tarde.
696952	spa	Los cristianos consideran la naturaleza humana como inherentemente pecaminosa.
7288679	spa	¿Por qué no me dijiste esto antes?
1527956	spa	La mujer es gorda.
1337944	spa	Escúchame bien.
1463270	spa	La pregunta es quien hará la decisión.
4564136	spa	Eso podría empeorar las cosas.
339399	spa	Él estaba completamente agotado cuando volvió a casa.
616025	spa	El Gobierno nombró a un comité para investigar el accidente.
2745529	spa	Me corté con una sierra para metales.
1278794	spa	Me gustan tus movimientos de baile tecno.
3436177	spa	Él intentó superar sus escrúpulos.
1884995	spa	Solíamos hablar en inglés.
1209676	spa	Tom hizo una lista de cosas que quería hacer antes de morir.
6565051	spa	Él y sus amigos fueron considerados durante mucho tiempo una cáfila de malhechores.
2792855	spa	Parece que no hay lugar en ningún cementerio para el cuerpo de Erich Priebke.
2773405	spa	Usted está entre amigos.
7480842	spa	Yo confío en que no llueva mañana.
6061097	spa	¿Qué es una onomatopeya?
1302188	spa	Ésta es una caseta que hice yo mismo.
1294020	spa	¿No tiene nada más que decir?
3081136	spa	Estaré en casa la próxima vez que ella venga.
639411	spa	Hay excepciones a cada regla.
2351511	spa	He visto la película.
1415629	spa	¡Sé que me puedes entender!
2018368	spa	El "cómo se hizo" y las tomas falsas son más divertidas que la propia película.
1963010	spa	Disfruto hablando con él.
1608888	spa	Comí un sándwich con una feta gruesa de queso Cheddar.
1841145	spa	Dije que volvería a llamar más tarde.
1622005	spa	Guardemos un momento de silencio por todos aquellos que están atascados en un embotellamiento de camino al gimnasio para montar en la bicicleta estática.
180469	spa	Una vida sin amor no tiene ningún sentido.
1091430	spa	Por lo menos podría disculparse.
1780933	spa	Espero que no seas feliz como yo, sino más.
1656893	spa	Se me cayó una teja en la cabeza.
434477	spa	Papá está en la cocina porque está cocinando.
4300809	spa	Él publicó libros didácticos muy prácticos sobre geografía en ruso.
988019	spa	Éste es parecido a aquel.
2137168	spa	Pero Vaz de Caminha dejó importantes descripciones sobre los primeros pueblos con quienes los portugueses tuvieron contacto al llegar a Brasil.
1565816	spa	Usted no es el responsable de lo que pasó.
5963917	spa	Quiero ser el que más gane.
523784	spa	Los indígenas conocían la naturaleza mejor que él y lo mataron por su presunción.
3802009	spa	El suelo estaba cubierto de nieve.
3373859	spa	Mételo a la olla a fuego lento y revuélvelo hasta que hierva.
6779740	spa	Parece que quieren entrar.
5052025	spa	Cubierta de polvo, la muñeca estaba de pie en el rincón de la habitación.
1343182	spa	Él vive en la casa amarilla.
1607686	spa	Así es como construí la máquina.
1417634	spa	Se sentó delante para oír mejor.
1977189	spa	Es un lujo que no nos podemos permitir.
1197705	spa	Un tigre es un tipo de animal muy feroz.
2160357	spa	Solo tiene dos años, pero ya sabe contar hasta cien.
339403	spa	Deme dos sellos de 45 céntimos, por favor.
1435987	spa	Tom quiere probarse esto.
1547864	spa	Si alguien no es de fiar, nadie le hará un contrato de trabajo.
336288	spa	La audiencia fue profundamente conmovida.
2046640	spa	En la vida, todo es relativo. Un pelo en la cabeza es poco. En la sopa es mucho.
1881150	spa	Fui a Kobe en tren.
6672153	spa	Nevaba en la carretera.
2754625	spa	Recuerdo muchas cosas.
1047920	spa	Soy alérgico al polvo de tiza.
7951902	spa	No toquéis ese libro.
721943	spa	Él se perdió en medio de la nieve.
1795157	spa	Lamentablemente, debo decirte la verdad.
1482890	spa	Veremos.
1874001	spa	Tom cerró los ojos y se durmió.
5035179	spa	Acá hay gato encerrado.
5769434	spa	¿Puedo devolverte el dinero el lunes?
1625231	spa	Al final, todo el mundo debe aprender por sí mismo.
2001459	spa	No estoy cansado.
1293106	spa	Bailamos la noche entera.
3111912	spa	Se espera que esta nueva política cree empleos a gran escala.
4417717	spa	Cuesta demasiado.
5990947	spa	No somos tontos.
495244	spa	Esta bandera es muy bonita.
5014499	spa	María es periodista.
1190935	spa	Eres lo suficientemente mayorcito para enfrentarte a tus propios problemas.
445785	spa	Tengo tres veces más dinero que usted.
1250881	spa	Ellos se hablaron.
2170033	spa	El que lo encontró recibió una recompensa apropiada.
1823189	spa	Tengo retortijones de hambre.
1406374	spa	Tom sabía que Mary lo amaba.
3654142	spa	Él nunca volvió a ver a su hermano.
7558445	spa	Nos hemos comprado un nuevo sillón cómodo.
5084850	spa	La felicidad no es una aplicación que puedas descargar en tu teléfono.
1478608	spa	Quisiera ver a un doctor.
2768169	spa	Estaba a punto de salir de la casa cuando sonó el teléfono.
5853594	spa	Tom y Jim son igual de altos.
4960533	spa	Este edificio está casi terminado.
2196781	spa	¡Es algo maravilloso!
1037620	spa	¿Cuántas islas tiene Alemania?
6624271	spa	Te olvidarás de mí algún día.
1554199	spa	Juró no volver a confiar en ella.
825014	spa	Ese pintor fue a París a estudiar.
2073951	spa	¿Necesitas algo?
5140302	spa	Soy consciente de eso.
4482160	spa	Sus cabellos son como la seda.
1298019	spa	Tom vivió en Japón por diez años.
6092777	spa	No hay necesidad de llamar un taxi.
2108469	spa	María le teme a Dios.
345648	spa	¿Puedes indicarme el camino hasta la estación de Kioto?
1685875	spa	Solía pasar el rato con Tom a menudo, pero estos días él no está mucho por aquí.
2830280	spa	Esa es la teoría.
4557331	spa	Párales.
853868	spa	En avión, por favor.
2084555	spa	Trabajó demasiado y se puso enfermo.
2108648	spa	Estoy encantado con esto.
1330615	spa	Ella le dijo que estaba triste.
3777311	spa	Compórtate como un hombre.
5436476	spa	Tom no ha hecho todavía lo que le pedimos.
1801830	spa	No me caen bien los sumisos.
7964749	spa	¡Payasa!
6989243	spa	La maestra da clases particulares.
5192322	spa	Los acuerdos deben ser respetados.
4575483	spa	A Tom le gusta ver bailar a Mary.
2306708	spa	Ella no sabe lo que realmente quiere.
1063257	spa	Mi hermano se va de pesca todos los fines de semana.
2337147	spa	Intentaré hacerlo lo mejor que pueda.
7933906	spa	Las personas perezosas aquí no tienen mucho futuro.
1938666	spa	Vi que su coche giraba a la derecha.
812486	spa	Por favor, pasen al cuarto uno por uno.
5966888	spa	Ven a la hora que quieras.
1084775	spa	¿Dónde le gustaría sentarse?
886460	spa	Creo que deberías disculparte con ella.
537850	spa	Quiero hablar con tu tío.
2839808	spa	¡Gracias a mis compañeros, quienes me ayudaron durante los tiempos difíciles!
1457398	spa	Incluso la nación más pequeña lucha por sus derechos.
2143768	spa	Como ella era un hada, podía hacer un milagro.
5960331	spa	Déjame adivinar.
672296	spa	El caballo es mío.
1265519	spa	Aquel que ama está en Dios, y Dios en él, pues Dios es amor.
1245202	spa	Tom limpió el baño.
1067485	spa	Me costaba bastante entender lo que estaba diciendo.
5687644	spa	Tom consiguió todo lo que deseaba para Navidad.
3535555	spa	No para siempre en la tierra: sólo un poco aquí.
6399842	spa	La mitología es un diccionario de jeroglíficos vivientes.
3564966	spa	Tráeme algo de hielo.
2268033	spa	La fundición de la estatua se retrasó.
7203156	spa	¡Qué tierna estaba la carne!
725594	spa	¿Has estado alguna vez en África?
5714398	spa	Peter es muy alto. Sale a su padre.
1686636	spa	Estoy justo detrás de ella.
2775234	spa	Yo siempre me levanto a las seis de la mañana.
1446833	spa	Los gatos no necesitan cubierto.
1138480	spa	El soldado fue herido en la pierna.
5566164	spa	Espero que sea verdad.
687945	spa	¡Qué bien estás en esta foto!
2801523	spa	En la temporada lluviosa, la lluvia persiste por un par de semanas.
8087499	spa	El gatito tiene infección de coccidios.
4963364	spa	Debería repasar mi inglés.
3013556	spa	María aún vive en la casa de sus padres.
1068095	spa	¿No te extraña su respuesta?
2120411	spa	Espero que mañana haga buen tiempo.
3280983	spa	¿Por qué no pruebas esto?
2145003	spa	Juan salió de casa apurado.
968867	spa	Creo que yo lo debería hacer por ti.
1209056	spa	Son muy astutos para el comercio.
3678087	spa	Tan pronto como vio lo que tenía que hacer, se escabulló.
8244574	spa	Dejaría de hacerlo si me lo pidieras
7289420	spa	Yo me pregunto por qué Tom me preguntó eso.
959350	spa	Siempre he querido conocerte.
1121113	spa	Me gusta estar contigo.
3773356	spa	Sus gestos desdeñosos no me afectan.
5147689	spa	¿Cuál es tu guitarrista de heavy metal favorito?
1894111	spa	No estamos casados.
456710	spa	Tiene el pelo mojado.
859088	spa	Te echaremos muchísimo de menos si te vas de Japón.
1642633	spa	En esta montaña podemos encontrar sales y minerales muy diferentes.
6133713	spa	Ten en cuenta lo que vayas a decir, no lo que pienses.
4157037	spa	La investigación se inició el año pasado con la confiscación de los archivos informáticos de un hombre de Magdeburgo, Alemania.
2105198	spa	El gobierno de este país oprime a su pueblo.
2234480	spa	No espero nada, no temo nada: soy libre.
2108521	spa	Dile a Tom que deje de hacer el tonto.
727655	spa	A veces damos un paseo en el coche.
6795926	spa	Echará en falta muchas cosas.
8309353	spa	La fecha del Lunes de Rosas es siempre 48 días antes del Domingo de Pascua.
6842345	spa	Mi mujer y yo compartimos una cuenta bancaria.
4880118	spa	Estaba intentando salvar a Tom.
1953507	spa	¿Puedo preguntar por qué no quieres hablar de eso?
7842464	spa	Los mocos verdosos suelen ser un síntoma de infección de las vías respiratorias.
5116955	spa	Podemos ganar.
1351492	spa	Sé que diste lo mejor.
1433277	spa	Tom no se lleva bien con sus vecinos como antes.
1562205	spa	Tom decidió estudiar leyes.
2038355	spa	No comer en clases.
3991689	spa	Discúlpeme, no quiero ser desubicado, pero siento que debo decirle algo que usted tal vez quiera saber.
5033562	spa	Los padres solían decirle a sus niños que a los bebés los traía la cigüeña.
1807496	spa	Me gusta tu perro.
5113590	spa	Algunas de las niñas se rieron.
1289922	spa	Los escépticos dudan de todo.
1266506	spa	Ella no tiene nada en común conmigo.
2004423	spa	Sé lo que estáis pensando.
2308362	spa	¡Avísame cuando estés listo!
2280652	spa	Él siempre me habla como si yo fuera su esclavo.
3265744	spa	No pude matar a Tom.
2123380	spa	El anciano me preguntó la hora.
8307009	spa	No puedo ir ahora. Estoy cocinando ahora mismo.
3684581	spa	Hermanos, más allá del firmamento debe vivir un muy querido padre.
7999481	spa	Cuando el faraón vio que había cesado la lluvia, el granizo y los truenos, él y sus siervos se obstinaron de nuevo. Se obstinó, pues, el faraón y no dejó salir a los israelitas como Yahvé había dicho por boca de Moisés.
3359242	spa	Deberíais escribir un libro.
1072535	spa	Estás perdiendo el tiempo.
981106	spa	Después de haber pagado el recibo de la luz, del teléfono y del gas, me he quedado sin dinero.
1332549	spa	Voy a cualquier fiesta a la que me inviten.
740058	spa	Sus padres están muertos.
6097928	spa	¿Estás usando esta chabola como casa?
1471206	spa	¿Existe la historia objetiva?
3845055	spa	¿Cuándo emigró a nuestro país?
1439530	spa	Tom tiene algo que decirte.
1404238	spa	Mary fue la novia de John durante toda la escuela secundaria.
1585102	spa	Pat va a ir al cumpleaños de Jim.
1279466	spa	La modelo está siendo maquillada para la sección de fotos.
1300216	spa	No es fácil entenderla.
2454536	spa	La gente en la otra habitación está hablando francés.
3094741	spa	No hay que tener dos dedos de frente para ver que la guerra no es el camino para resolver un problema.
3478195	spa	El análisis abstracto del mundo por las matemáticas y la física se basa en los conceptos de espacio y tiempo.
1280071	spa	Los estudiantes realizaron una huelga de hambre.
611730	spa	Haz una buena traducción de la oración que estás traduciendo. No dejes que las traducciones a otras lenguas te influencien.
1638639	spa	Sus padres estaban furiosos.
1618105	spa	Hace más de veinte años.
987137	spa	Reservé la habitación para el jueves.
5948380	spa	Tom no tiene ingresos.
2169762	spa	No esperes mucho de ella.
2049204	spa	Me gusta esta escuela.
8314806	spa	Procuro mantenerme en una buena forma física.
1995077	spa	Perdió el tren por un minuto.
1176865	spa	Tom nunca ha visto sonreír a Mary.
589593	spa	Mi sobrina es atractiva y madura para su edad.
2062046	spa	Nunca olvidaré este suceso.
1923255	spa	Es más difícil dar la definición de una palabra que dar un ejemplo de su uso.
5809706	spa	Tom es el agente de Mary.
1279247	spa	Parece ser otro buen día.
2224928	spa	Tom parecía cansado.
2157087	spa	Tom no puede continuar trabajando acá.
2405322	spa	Para llegar hasta ti, primero tenemos que pasar por mí.
778563	spa	Mañana será libre.
587827	spa	De repente empezaron a reírse.
940052	spa	El libro tiene muchas páginas.
4493202	spa	Encontré tus pantuflas abajo de la cama.
7977567	spa	No dices ni mu y tienes cara de preocupación.
8043613	spa	Moisés respondió al pueblo: No temáis; estad firmes, y veréis la salvación que Yahvé os otorgará en este día, pues los egipcios que ahora veis, no los volveréis a ver nunca jamás.
1290014	spa	¿Qué esperas? Dame una respuesta.
8694275	spa	Es una carga muy grande para ti.
2079764	spa	Tom hubiera tomado la misma decisión que yo en mi lugar.
2117379	spa	No quiero perder.
854627	spa	Me gustaría zumo de naranja.
3443353	spa	¡Pero que te estás perdiendo!
3945507	spa	¿Qué es la vida sin el brillo del amor?
434545	spa	¿Tiene un mapa?
1921859	spa	Tu esposo va a abrir los ojos cuando se entere de lo ocurrido.
3126054	spa	¿Por qué no almuerzas con nosotros?
5009460	spa	¿Cuántos empleados tiene tu compañía?
865904	spa	Ella ha perdido el poco dinero que tenía.
631118	spa	No entiendo por qué Alemania ha ganado Eurovisión.
1001494	spa	Ella le dio un poco de comida.
4438966	spa	¿Quién está aquí con ustedes?
1355299	spa	¿Vendrás?
6618019	spa	Dice el médico que por qué no me muevo más.
1946128	spa	Su petición es muy razonable.
1999893	spa	¡Mierda, ya ha vuelto mi novia! ¿Qué vamos a hacer?
2631889	spa	El anciano está amargado y enfadado.
2266346	spa	Tiene una fábrica de material eléctrico.
347340	spa	No hay que burlarse de los mayores.
2144121	spa	Busqué una respuesta a tu pregunta.
5333796	spa	Necesito un diccionario.
2916695	spa	¿Quieres jugar fútbol con nosotros?
2351644	spa	Hágalo mañana.
1976192	spa	«¿Quieres beber algo?» «No, gracias, todavía tengo que conducir.»
3202455	spa	En cada uno de nosotros duerme un superpoder.
2047167	spa	Esta es la ciudad en la que nació.
1890826	spa	La noche aún es joven.
976247	spa	¿Cuándo será su boda?
1254087	spa	Yo estaba bastante sorprendido.
4378219	spa	La tripulación puede entrar al vehículo sumergido usando un módulo de inserción.
3100741	spa	Cuando la lluvia amaine, iremos a caminar.
1582621	spa	Sobre el dinero no se habla, se tiene.
2174622	spa	Nunca antes había visto una sandía tan grande.
1465938	spa	Tom quiere estar con Mary.
1660326	spa	Él dijo que volvería aquí mañana.
2291251	spa	No puedo ir a clase, estoy pocho.
1425662	spa	Ella lo llamó al teléfono.
1281988	spa	Su simpatía le escondía su fealdad.
1350986	spa	Bájale la llama.
1172283	spa	Tengo mariposas en el estómago.
4402298	spa	Él está trabajando ahora, pero va a volver a las siete.
8292810	spa	Por el Señor son ordenados los pasos del hombre, y el Señor se deleita en su camino.
3045068	spa	Tom hizo como si no hubiera pasado nada.
5081958	spa	Nosotros solo tenemos información de segunda mano del golpe.
1295137	spa	El almacén era un frente para traficantes de drogas.
1196200	spa	Él tiene algo que ver con el asunto.
1928044	spa	Jane no jugó tenis, ¿cierto?
7256692	spa	¿Cómo le hablas?
1826516	spa	Empezará después de que venga.
6639082	spa	Almorzaré en un momento.
2470011	spa	Fue un error darte otra oportunidad.
7679351	spa	No me llega el dinero.
7008699	spa	Espero que nadie te haya visto venir aquí.
2114450	spa	No quiero vivir mi vida así.
552808	spa	¡El pueblo unido jamás será vencido!
6470001	spa	"Quédese con el cambio." "Gracias."
870336	spa	Te estoy diciendo la verdad.
5018654	spa	¿De verdad es Tom culpable?
1134272	spa	Nadé en el lago.
617982	spa	Y luego se me ocurrió de repente una buena idea.
8289917	spa	Quiero hoy mi dinero
1112872	spa	Ojalá la pudiera ver.
2264734	spa	Entre los cuatro levantaron la carga.
1614361	spa	¿Sabes cuál es la profesión de Tom?
5721158	spa	El freno de emergencia del ascensor no funciona.
1546408	spa	¿Tu esposa me vio y te dijo?
1623455	spa	Buenos amigos hay uno de cada cien.
6692095	spa	¿Cuántos años tienen tus hermanas?
2464637	spa	Si llueve mañana, no iré a la reunión.
2172260	spa	Ellos están interesados en la política.
415939	spa	¿Podría usar el baño?
997122	spa	Hay olor a podrido.
1434036	spa	Tom no sabía de dónde vino Mary.
1097556	spa	Por favor, responda en chino o en inglés.
3066654	spa	La intuición de una mujer es más precisa que la certeza de un hombre.
1315003	spa	Es una lástima que no hayas podido venir.
1194749	spa	¿Quieres dejar un mensaje?
1841229	spa	Ella lavará la bicicleta esta tarde.
1624977	spa	Estando mi madre enferma, no pude ir al concierto.
3685755	spa	¡Si no encuentras el antídoto, tu hermano morirá!
994856	spa	Estoy reventado de tanto trabajar.
1535498	spa	Me recuerda a mi niñez.
5778166	spa	Sus flores huelen delicioso.
2254348	spa	La mujer dio a luz a una niña.
2443348	spa	Cuando me acuerdo no tengo tiempo, cuando tengo tiempo no me acuerdo.
7929768	spa	Mañana voy a comprar algunos libros.
1627529	spa	Aquel hombre parece chino.
983478	spa	Mi segunda hija ha nacido hace unos instantes.
874164	spa	¿Qué edad tenías cuando estalló la guerra?
3147362	spa	Hemos estado casados 3 años.
1567796	spa	Ella lo estaba escuchando.
3203249	spa	Su dinero está en el banco.
1483220	spa	Entramos a una conversación seria.
1227562	spa	Hace un buen día, ¿no crees? ¿Por qué no salimos a dar un paseo?
1148679	spa	Si llueve, me quedaré en casa.
1477222	spa	Tom no tenía ninguna razón para no creerle a Mary.
762993	spa	Puedes usar este bolígrafo.
7905173	spa	A Mary se le rompieron las alpargatas andando por el pedregal.
7382643	spa	Tom es irritante porque siempre tiene que tener la última palabra en cualquier discusión.
7151602	spa	Iságoras fue un tirano.
3238073	spa	La escuela se cerró por la amenaza de bomba.
5036685	spa	Son la pareja perfecta.
746711	spa	Un plan así está destinado a fallar.
1419055	spa	¡Mira como corren!
7974207	spa	Él llegó hacia las cuatro.
6001815	spa	¿Cuál es la diferencia entre el conejo y la liebre?
3602973	spa	¿Adónde se decidió ir?
5781665	spa	¿La quieres?
5669739	spa	Esta noche, ¿qué cenamos?
7838489	spa	Los esquiadores se pondrán contentos.
1697571	spa	Ese televisor está demasiado alto.
1945335	spa	Encontré dónde comprar fruta barata.
434771	spa	Pinche puta.
2394273	spa	No te preocupes, no duele que te corten el pelo.
2525426	spa	Su cara mostró miedo y angustia.
1529459	spa	¿No es suficiente?
6566811	spa	No pongo mi mano en el fuego por nadie.
3666916	spa	¿Cómo lo hacemos?
2409150	spa	No puedo creer que alguien se haya comido lo que cocinó Tom.
1669039	spa	Tom está firmando documentos.
2532758	spa	Es realmente difícil.
6813288	spa	Le gustas mucho.
1592548	spa	Hablamos sobre lo que podíamos hacer.
3836277	spa	Hablemos de por qué estás aquí.
1557722	spa	Por un instante pensé que iba a morir.
1625252	spa	Mi padre me ha comprado por mi cumpleaños un reloj digital.
2857829	spa	Ahí había una gran multitud.
743893	spa	No sabía que se había puesto malo.
2134483	spa	El viaje durará por lo menos una semana.
6047055	spa	El acantilado es casi vertical.
3342595	spa	¿Quién es el hombre sabio? El que aprende de todos los hombres.
6671854	spa	¿Qué piensa Tom sobre esto?
1509675	spa	Tom no puede hablar inglés aún cuando vive en Estados Unidos.
1713631	spa	Esperemos aquí.
1666848	spa	Aquí duele.
7146789	spa	Esto es un cajón.
6841813	spa	Él no podía prever este evento.
2726622	spa	Ahora Tom está en la habitación de Mary.
3031911	spa	Este es el restaurante más antiguo de Boston.
3950630	spa	Él se tiñó el pelo de negro.
963213	spa	Él estaba adelantado a su tiempo.
1349631	spa	A veces nos cansamos de hacer todo lo que otro manda.
5158992	spa	La lección empezará.
2156897	spa	¿Ves al chico?
3392223	spa	Esta va a ser una misión muy peligrosa.
2100229	spa	La verdad es que soy un dios en el cuerpo de un hombre.
6023038	spa	¿Has comprado una lavadora?
1742355	spa	Ella contrató a un detective privado.
6624007	spa	Los pasajeros también tienen que ponerse el cinturón.
4635881	spa	Las grandes potencias telenoveleras en el mundo son Brasil y México.
6150365	spa	Me llamo José, somos amigos.
1749284	spa	¿Pueden ver el cuadro?
4384114	spa	Yo sé un himno gigante y extraño que anuncia en la noche del alma una aurora, y estas páginas son de ese himno cadencias que el aire dilata en las sombras. Yo quisiera escribirle, del hombre domando el rebelde, mezquino idioma, con palabras que fuesen a un tiempo suspiros y risas, colores y notas. Pero en vano es luchar, que no hay cifra capaz de encerrarle; y apenas, ¡oh, hermosa!, si, teniendo en mis manos las tuyas, pudiera, al oído, cantártelo a solas. (Gustavo Adolfo Bécquer)
4772805	spa	Oh, no seas tan modesto.
7906572	spa	Mary no ha dicho qué piensa hacer.
558588	spa	Dormí nueve horas.
609690	spa	Favor de traernos dos tazas de té y una taza de café.
1583001	spa	Este libro es demasiado grande para metérmelo en el bolsillo.
1527831	spa	Las revistas le permiten a los escritores escribir lo que quieran y después deciden cómo diseñarlo, pero esa revista prioriza el diseño, entonces fija un límite predeterminado a la cantidad de palabras que puede tener.
2268522	spa	La firma era falsa.
1904562	spa	El agujero de gusano es inestable.
1334550	spa	Vosotras sois nuestra única esperanza.
3135480	spa	Eres aún más linda de lo que Tom decía.
569578	spa	Él no tiene con quién jugar.
3421967	spa	Debemos decidir hoy.
2084581	spa	Tom ha muerto, ¿verdad?
1686575	spa	¿Vas a ver los Juegos Olímpicos?
1350772	spa	Ojalá pudiera volver en el tiempo.
6146939	spa	No está en China.
8154588	spa	Estaba a punto de decir eso.
764641	spa	Esta regla no se aplica.
1600175	spa	No es posible hacer dos cosas a la vez.
5651880	spa	Yo sabía que no debía visitarla, sin embargo fui a verla.
4674351	spa	¿Por qué bostezas tanto? ¿Acaso tienes sueño?
2405339	spa	Tom dejó apresuradamente la habitación.
6795863	spa	Ya le han pillado.
1252461	spa	Descansa y espera por la buena suerte.
5566221	spa	Hoy tengo el día libre.
345606	spa	Él me tuvo esperando toda la mañana.
1221508	spa	¡Es mejor ser loca que aburrida!
5014548	spa	María tiene dos hermanas.
5051014	spa	Mi novia estudia coreano.
2409295	spa	Puedo mostrarte las fotos.
1203873	spa	Tom y Mary son muy buenos amigos.
4274365	spa	Tom aún está saliendo con Mary, ¿no?
1562190	spa	No juego pool.
1795435	spa	¡Lo hallo bueno, incluso muy bueno!
2171579	spa	Él la miró.
613076	spa	Tom debería estar aquí en cualquier momento.
7951779	spa	Puede que Mary nos crea.
2978177	spa	Desearás jamás haberlo visto.
1136887	spa	¿Y qué si él fracasa?
726073	spa	No encuentro mi maletín.
3515639	spa	Tengo el agua.
5228835	spa	La bicicleta está en la calle.
2232718	spa	Parece que ahora todo el mundo quiere viajar a la costa para bañarse, echarse en la playa y broncearse bajo el sol.
844303	spa	Mis padres me prohibieron volver a ver a Tom.
5889863	spa	Había juerga en la casa de Tom.
3444846	spa	Nadie se rió de la broma.
3948593	spa	Tom no me dio lo que le pedí.
1600370	spa	Me esforcé por sacar buenas notas.
1836869	spa	Ellos tienen cuatro sirvientes, de los cuales tres son sirvientas.
1953368	spa	Él respondió que no lo sabía.
6330795	spa	Para aprender a rezar, no hay nada mejor que viajar por mar.
1251538	spa	¿Querés sopa?
831366	spa	Le conté nuestros planes, pero no le hizo tilín.
2099939	spa	¡Espléndido! Este libro cayó como anillo al dedo.
2454453	spa	Estudio francés en la escuela.
1699325	spa	No tienes que creerme.
7860526	spa	¡A mí no me vengas con esas ínfulas de gallito barato!
1078446	spa	No se puede esperar mucho de él.
1602307	spa	Escipión venció a Aníbal.
1129477	spa	Tu estadía por un año en Alemania fue muy fructífera, ¿no?
1196400	spa	Es sorprendente, al final, este libro resultó ser fácil de leer, ¿cierto?
1610867	spa	No tendré miedo.
738532	spa	Bajó a desayunar.
3028979	spa	Planeo pasar todo el día con Tom.
2839402	spa	Mi tía considera que es aún demasiado pronto para ir a la caza de gangas.
5961400	spa	Aún hay razón para venir.
1562186	spa	Ella estuvo inconsciente por tres días.
435009	spa	Lleva un grupo de alumnos a España cada verano.
977994	spa	Debo volver a casa dentro de una semana.
595529	spa	Ella tenía un contrato de trabajo.
1434213	spa	Su respuesta cumplió con mis expectativas.
3123573	spa	He dormido muy bien.
4605735	spa	¡Qué sueño horrible!
5014351	spa	Hoy estoy indispuesta.
5733353	spa	Mi familia es inglesa de nacimiento.
726563	spa	Él no está aquí, ¿verdad?
1135970	spa	Volveré por la mañana.
983520	spa	¿Querés que te retrate?
937904	spa	Me casaré con una hermosa estonia.
2282676	spa	La diferencia de nuestras edades es insignificante.
1667135	spa	Ya han pasado dos semanas y no le he visto.
2041126	spa	Para mi sorpresa, él se ganó el premio.
3191916	spa	¡Ah, gracias, cariño!
3048259	spa	No esperes.
1820065	spa	Yo te quise.
3989879	spa	Ten la amabilidad de traerme una bolsa de hielo.
5549966	spa	No tenía ganas de eso.
2484690	spa	¿Has oído alguna vez a alguien hablando en francés?
5020988	spa	Es un placer escucharlo a Tomás.
1278869	spa	El crecimiento de la mayoría de los animales es continuo y cesa en la edad adulta.
3415048	spa	Debí haber sabido que algo andaba mal cuando Tom no llegó aquí a las 2:30.
6004117	spa	¡Déjame intentar!
2146100	spa	Perdí el papelito con el número de teléfono.
2246072	spa	Nadie podría haber adivinado en esos días qué lugar ocuparía Martin Luther King en la historia.
7996418	spa	Solo a Mary podría habérsele ocurrido algo así.
3224809	spa	Destápate si te da calor en la noche.
995084	spa	Sirius es una estrella blanca.
1199684	spa	Tom salió para averiguar qué era todo ese jaleo.
2038203	spa	Tom habla francés mejor que yo.
1598096	spa	Estaba preocupado por el nuevo procesador de textos.
864261	spa	Mi lengua tiene el sabor salado de tus lágrimas.
7682991	spa	Poné la carne en el congelador o si no se va a pudrir.
2960136	spa	¿Dónde está la llave? ¡La llave! Ah, aquí detrás.
5108060	spa	Doy por sentado que Argentina le ganará a Turquía.
5643451	spa	Mary es muy coqueta.
1418932	spa	Un director conduce una orquesta.
4119858	spa	¿Qué aconsejas?
2502256	spa	Me voy a dormir temprano.
1671447	spa	Sin su ayuda no habría superado aquella crisis.
1477178	spa	Tom no sabía qué más hacer.
2015629	spa	No fue capaz de diferenciar los dos gemelos.
5030090	spa	No me gusta este clima.
4991693	spa	El año pasado leí más de cincuenta libros.
5228849	spa	Es una nieve.
1047930	spa	La etiqueta decía: "Cuidado, frágil".
2474612	spa	Casi perdimos el tren.
3389877	spa	Tengo un sueño secreto.
1065104	spa	No desvaríes, eso es imposible y lo sabes.
851562	spa	El corazón está hecho de músculos.
736713	spa	Esta pelota es el tesoro de aquel niño.
5263832	spa	Prefiero arrepentirme de lo que hice y no de lo que no hice.
642213	spa	Él se mantuvo bastante tranquilo.
344157	spa	Alguien entró en la habitación.
2718195	spa	A las mujeres les encanta eso.
5875533	spa	Tom no tuvo ningún heredero varón.
4392356	spa	Me siento como si estuviera solo.
1287790	spa	¿Los protestantes están cansados de la Biblia?
634730	spa	Un bebé duerme en la cuna.
541885	spa	Esperad aquí, por favor.
1401196	spa	Sopla un viento fuerte y no puedo ir deprisa.
8390381	spa	Quiero que comprenda mi situación.
853583	spa	Él quería mi permiso para usar el teléfono.
4417812	spa	Hay mucha gente aquí hoy.
490907	spa	Mañana nuestro profesor vuelve a Inglaterra.
2732779	spa	Esos fueron los mejores años de mi vida.
7015338	spa	Tocar el teclado es como montar en bicicleta, no lo puedes desaprender.
521123	spa	Si hubiera sabido que estabas enfermo, te habría visitado en el hospital.
1943730	spa	Alemania tiene dos capitales.
2311758	spa	Él es buscado por la Policía.
2057621	spa	Facebook me quita mucho tiempo.
481817	spa	El codo es la articulación entre el brazo y el antebrazo.
7276612	spa	La medida no está bien.
1962597	spa	Él escribió una carta ayer.
1439726	spa	Tom no canta muy bien.
8557941	spa	Estoy interesado en la historia de Australia.
2314595	spa	¿Es alta?
4317537	spa	Yo hago ejercicio.
5704866	spa	Tom oyó a Mary hablando consigo misma.
1606342	spa	No me gusta ninguno de los chicos.
1458396	spa	Tom desearía ser millonario.
4317959	spa	Tenía que pasar en algún momento.
7094929	spa	La comida principal del cerdo hormiguero son las termitas.
356834	spa	¿Puedo aparcar aquí?
856044	spa	Este libro merece la pena.
2745514	spa	Te dije que no vinieras aquí.
5940216	spa	Evita que te cambien.
1068046	spa	"¿No eres mexicano?" "Sí, pero ahora vivo en Argentina."
2192293	spa	La persona a la que uno más le miente es uno mismo.
1205390	spa	Traté de seguir el hilo a su declaración.
1868906	spa	¡Chicos, venid a cenar!
2114422	spa	No dejes que conduzca ella.
2246767	spa	Sé por qué estás aquí.
974540	spa	El ananá es rico en ácido ascórbico, más conocido como vitamina C.
3675580	spa	Esperemos que todo acabe bien.
941678	spa	De verdad pareces más joven.
1528966	spa	Una pelota de papel rompió los vidrios de la ventana.
854410	spa	A veces va en coche al trabajo.
7960118	spa	La sanguijuela es una criatura hematófaga.
2251407	spa	Se le cayó un botón a su abrigo.
1508823	spa	No te lo puedo permitir.
3793364	spa	Trabajan en las minas de coltán durante muchas horas al día y sin apenas descansos por un sueldo miserable.
3786154	spa	Tom parece nervioso.
347446	spa	Hay personas que desprecian a otras por la simple razón de que no tienen mucho dinero.
2945616	spa	Usted miente cual periódico.
360415	spa	No me gusta este reloj.
627054	spa	No tuvo ninguna dificultad en encontrar el lugar.
4363139	spa	Él le hace preguntas a su padre.
1667112	spa	La gallina ha estado empollando los huevos durante una semana.
5665186	spa	No sé si Tom está a salvo o no.
6683734	spa	Sé esto.
1496826	spa	¿Qué te preguntó?
1239102	spa	¿Realmente podremos aprender una lengua extranjera como un nativo?
8669837	spa	Qué debería hacer un hombre para conseguirlo?
1507086	spa	Tráeme por favor un cobertor.
5967609	spa	Tampoco se nos dio.
4765858	spa	¿Estás diciendo que Tomás no entiende francés en absoluto?
642171	spa	Hablaremos de eso más tarde.
3458724	spa	Ella me dijo "buenas noches".
